Date,Open,High,Low,Close,Volume,Change
2016-01-04,7550,7580,7310,7470,10193,0.0
2016-01-05,7540,7620,7360,7600,36784,0.01740294511378848
2016-01-06,7550,7710,7420,7530,52500,-0.009210526315789447
2016-01-07,7530,7710,7450,7600,48616,0.009296148738379806
2016-01-08,7660,7660,7400,7650,27689,0.006578947368421018
2016-01-11,7550,7800,7540,7690,9776,0.005228758169934622
2016-01-12,7600,7760,7600,7690,7661,0.0
2016-01-13,7620,7740,7570,7630,12157,-0.007802340702210642
2016-01-14,7630,7630,7460,7460,13215,-0.022280471821756187
2016-01-15,7460,7540,7300,7310,20186,-0.020107238605898137
2016-01-18,7230,7440,7160,7440,5698,0.017783857729138264
2016-01-19,7300,7430,7290,7320,11316,-0.016129032258064502
2016-01-20,7320,7340,7080,7290,12294,-0.004098360655737654
2016-01-21,7060,7300,7060,7260,8757,-0.004115226337448541
2016-01-22,7260,7350,7190,7220,11623,-0.0055096418732781816
2016-01-25,7220,7370,7150,7150,15871,-0.00969529085872578
2016-01-26,7110,7270,6980,6980,12648,-0.023776223776223793
2016-01-27,6980,7150,6980,7090,43365,0.015759312320916985
2016-01-28,7080,7090,7000,7040,10846,-0.007052186177715081
2016-01-29,7040,7580,6980,7450,19814,0.058238636363636465
2016-02-01,7530,7730,7450,7640,27719,0.025503355704697972
2016-02-02,7650,7650,7500,7600,10116,-0.005235602094240788
2016-02-03,7660,7670,7520,7630,12589,0.003947368421052699
2016-02-04,7650,7690,7530,7680,16256,0.006553079947575258
2016-02-05,7680,7700,7590,7700,13815,0.0026041666666667407
2016-02-11,7680,7680,7400,7400,10963,-0.038961038961038974
2016-02-12,7300,7390,6980,7100,19507,-0.04054054054054057
2016-02-15,7090,7280,6920,7280,11013,0.025352112676056304
2016-02-16,7280,7330,7190,7290,5112,0.0013736263736263687
2016-02-17,7370,7700,7150,7200,27900,-0.012345679012345734
2016-02-18,7220,7380,7170,7190,20737,-0.001388888888888884
2016-02-19,7190,7290,7160,7200,13832,0.0013908205841446364
2016-02-22,7200,7390,7070,7360,4459,0.022222222222222143
2016-02-23,7590,7610,7280,7350,20994,-0.0013586956521739468
2016-02-24,7350,7430,7280,7390,14886,0.0054421768707482165
2016-02-25,7400,7400,7170,7170,17307,-0.02976995940460081
2016-02-26,7320,7450,7250,7260,22384,0.012552301255230214
2016-02-29,7220,7320,7150,7270,25362,0.0013774104683195176
2016-03-02,7290,7370,7180,7320,21070,0.00687757909215958
2016-03-03,7320,7500,7240,7500,31689,0.024590163934426146
2016-03-04,7600,7600,7420,7470,17362,-0.0040000000000000036
2016-03-07,7550,7550,7330,7370,20986,-0.01338688085676043
2016-03-08,7370,7550,7310,7380,9478,0.0013568521031208647
2016-03-09,7380,7460,7330,7400,11517,0.0027100271002709064
2016-03-10,7410,7850,7410,7830,78411,0.05810810810810807
2016-03-11,7830,7850,7630,7780,63997,-0.0063856960408684715
2016-03-14,7780,7860,7650,7790,40361,0.0012853470437017567
2016-03-15,7750,7800,7630,7650,23590,-0.01797175866495504
2016-03-16,7650,7700,7550,7670,41506,0.002614379084967311
2016-03-17,7670,8000,7610,8000,57615,0.0430247718383312
2016-03-18,8000,8200,8000,8130,45448,0.016250000000000098
2016-03-21,8130,8180,7770,7770,52292,-0.044280442804428
2016-03-22,7830,8100,7720,7910,36762,0.018018018018018056
2016-03-23,7990,8090,7830,7970,22212,0.007585335018963413
2016-03-24,7920,7970,7800,7800,32909,-0.021329987452948562
2016-03-25,8020,8050,7800,7930,18803,0.016666666666666607
2016-03-28,7930,8080,7920,7970,20433,0.0050441361916770955
2016-03-29,7970,8100,7800,7820,20478,-0.01882057716436636
2016-03-30,7950,8000,7780,8000,19046,0.023017902813299296
2016-03-31,8000,8100,7900,8020,23193,0.0024999999999999467
2016-04-01,8100,8150,7920,7920,38097,-0.012468827930174564
2016-04-04,8000,8030,7790,7950,26716,0.0037878787878788955
2016-04-05,7990,7990,7750,7820,18048,-0.01635220125786163
2016-04-06,7820,7820,7390,7720,51420,-0.012787723785166238
2016-04-07,7720,7870,7650,7800,9074,0.010362694300518172
2016-04-08,7800,7910,7680,7850,7746,0.0064102564102563875
2016-04-11,7980,8000,7840,8000,27615,0.019108280254777066
2016-04-12,8080,8080,7900,7940,12571,-0.007499999999999951
2016-04-14,7990,7990,7850,7920,13540,-0.0025188916876573986
2016-04-15,7830,7930,7800,7880,7907,-0.005050505050505083
2016-04-18,7880,7880,7670,7850,23511,-0.0038071065989847552
2016-04-19,7870,7870,7700,7810,15448,-0.005095541401273884
2016-04-20,7810,7810,7650,7720,13920,-0.011523687580025643
2016-04-21,7720,7720,7570,7600,25249,-0.015544041450777257
2016-04-22,7600,7690,7480,7480,29401,-0.015789473684210575
2016-04-25,7490,7620,7470,7600,13481,0.016042780748663166
2016-04-26,7510,7690,7510,7670,22785,0.009210526315789558
2016-04-27,7700,7700,7520,7530,7754,-0.018252933507170832
2016-04-28,7530,7560,7430,7450,19903,-0.010624169986719778
2016-04-29,7440,7520,7290,7430,8006,-0.0026845637583892135
2016-05-02,7430,7430,7320,7400,8393,-0.004037685060565233
2016-05-03,7270,7610,7270,7270,12178,-0.01756756756756761
2016-05-04,7220,7280,7110,7220,23680,-0.00687757909215958
2016-05-09,7220,7260,7150,7180,9671,-0.005540166204986097
2016-05-10,7230,7230,7150,7200,9271,0.0027855153203342198
2016-05-11,7110,7300,7110,7290,15295,0.012499999999999956
2016-05-12,7370,7370,7150,7170,8293,-0.016460905349794275
2016-05-13,7170,7170,7000,7050,19096,-0.01673640167364021
2016-05-16,7050,7060,6850,6940,30159,-0.015602836879432647
2016-05-17,6940,6990,6830,6970,12099,0.004322766570605152
2016-05-18,6870,7250,6870,7100,27379,0.01865136298421799
2016-05-19,7170,7190,6900,7050,20209,-0.007042253521126751
2016-05-20,7120,7470,7100,7310,47508,0.03687943262411353
2016-05-23,7380,7700,7380,7610,62748,0.041039671682626455
2016-05-24,7650,7680,7530,7540,27684,-0.009198423127463884
2016-05-25,7620,7620,7540,7550,11374,0.0013262599469496816
2016-05-26,7630,7790,7630,7750,25699,0.026490066225165476
2016-05-27,7790,7930,7610,7930,31796,0.023225806451612874
2016-05-30,7930,7950,7780,7900,20353,-0.003783102143757877
2016-05-31,7900,8010,7830,7990,21575,0.0113924050632912
2016-06-01,8050,8160,7920,8160,46149,0.02127659574468077
2016-06-02,8160,8160,7950,8040,25289,-0.014705882352941124
2016-06-03,8090,8090,7810,7900,12538,-0.01741293532338306
2016-06-07,7900,8000,7800,7940,12143,0.005063291139240533
2016-06-08,8000,8080,7890,8070,19462,0.016372795969773257
2016-06-09,8050,8090,7900,7910,6416,-0.019826517967781898
2016-06-10,7760,8130,7760,8130,48403,0.027812895069532217
2016-06-13,8100,8170,7970,8170,24070,0.004920049200491938
2016-06-14,8200,8220,7970,8100,30206,-0.008567931456548328
2016-06-15,8150,8350,8100,8280,28387,0.022222222222222143
2016-06-16,8260,8280,8150,8200,27186,-0.009661835748792313
2016-06-17,8200,8880,8200,8820,116643,0.07560975609756104
2016-06-20,8750,8950,8730,8820,31066,0.0
2016-06-21,9000,9520,8900,9380,150685,0.06349206349206349
2016-06-22,9390,9550,9190,9380,66540,0.0
2016-06-23,9220,9550,9100,9490,44462,0.011727078891258014
2016-06-24,9660,9660,8910,9300,74019,-0.02002107481559534
2016-06-27,9050,9790,9050,9790,83410,0.052688172043010795
2016-06-28,9790,10650,9750,10300,223518,0.052093973442288055
2016-06-29,10450,11050,10250,11000,153708,0.06796116504854366
2016-06-30,11000,11100,10500,10900,154903,-0.009090909090909038
2016-07-01,10800,11150,10550,10900,120104,0.0
2016-07-04,11100,11250,10600,11250,109460,0.032110091743119185
2016-07-05,11250,11750,11050,11500,100371,0.022222222222222143
2016-07-06,11500,11650,11150,11250,76880,-0.021739130434782594
2016-07-07,11550,11600,11100,11450,94050,0.01777777777777767
2016-07-08,11400,11950,11150,11950,138462,0.04366812227074246
2016-07-11,12000,12450,11700,12050,263132,0.008368200836819994
2016-07-12,12000,12000,11350,11650,281099,-0.03319502074688796
2016-07-13,11650,11650,11100,11100,198235,-0.047210300429184504
2016-07-14,11300,11800,11150,11800,142960,0.06306306306306309
2016-07-15,12000,12100,11450,11550,75995,-0.021186440677966156
2016-07-18,11300,11650,11250,11450,37211,-0.008658008658008698
2016-07-19,11300,11700,11300,11450,31858,0.0
2016-07-20,11300,11600,11150,11450,56437,0.0
2016-07-21,11650,11650,11300,11450,35644,0.0
2016-07-22,11600,11600,11250,11400,18729,-0.004366812227074246
2016-07-25,11250,11400,10850,10850,51792,-0.04824561403508776
2016-07-26,11050,11650,10850,11650,75293,0.07373271889400912
2016-07-27,11650,11700,11250,11350,35202,-0.025751072961373356
2016-07-28,11400,11400,10800,11150,35758,-0.017621145374449365
2016-07-29,11400,11750,11150,11650,46628,0.04484304932735417
2016-08-01,11750,12300,11450,12100,93015,0.03862660944205998
2016-08-02,11950,12100,11750,11850,44583,-0.02066115702479343
2016-08-03,12000,12500,11650,12400,95512,0.04641350210970474
2016-08-04,12500,12650,12000,12050,69800,-0.028225806451612878
2016-08-05,12200,12400,11950,12150,29433,0.008298755186721962
2016-08-08,12300,12300,11450,11900,54812,-0.020576131687242816
2016-08-09,11900,12250,11750,12100,63701,0.01680672268907557
2016-08-10,12200,12200,11800,11800,30992,-0.024793388429752095
2016-08-11,11900,11950,11500,11700,27941,-0.008474576271186418
2016-08-12,11850,12000,11500,12000,30398,0.02564102564102555
2016-08-16,12000,12050,11800,11900,19117,-0.008333333333333304
2016-08-17,11900,11900,11250,11650,19334,-0.021008403361344574
2016-08-18,11650,11700,11300,11700,30387,0.0042918454935623185
2016-08-19,11700,11900,11600,11700,21515,0.0
2016-08-22,11850,12100,11450,11950,41339,0.02136752136752129
2016-08-23,11950,12200,11700,11800,28709,-0.012552301255230103
2016-08-24,12050,12100,11600,11600,27530,-0.016949152542372836
2016-08-25,11600,11750,11450,11500,17364,-0.008620689655172376
2016-08-26,11500,11600,10850,11300,32667,-0.017391304347826098
2016-08-29,11300,11300,10500,10600,65693,-0.06194690265486724
2016-08-30,10600,10900,10450,10650,36933,0.004716981132075526
2016-08-31,10650,11000,10550,10950,25371,0.028169014084507005
2016-09-01,10950,11000,10750,10900,6998,-0.004566210045662156
2016-09-02,10850,11050,10700,10800,41701,-0.00917431192660545
2016-09-05,10800,11000,10600,10700,19705,-0.0092592592592593
2016-09-06,10700,10750,10400,10550,35954,-0.014018691588784993
2016-09-07,10550,10700,10000,10450,49214,-0.009478672985781977
2016-09-08,10450,10500,9900,9910,97388,-0.05167464114832532
2016-09-09,9910,10150,9860,10000,52013,0.00908173562058523
2016-09-12,9990,10000,9770,9840,47313,-0.016000000000000014
2016-09-13,10000,10500,9900,9990,56117,0.015243902439024293
2016-09-19,9990,10400,9880,10400,21427,0.041041041041041115
2016-09-20,10400,10600,10150,10400,22187,0.0
2016-09-21,10400,10800,10350,10700,16039,0.028846153846153744
2016-09-22,10900,10900,10500,10500,18191,-0.01869158878504673
2016-09-23,10700,10800,10300,10750,18703,0.023809523809523725
2016-09-26,10750,11200,10700,11000,33859,0.023255813953488413
2016-09-27,11000,11100,10700,10800,12030,-0.018181818181818188
2016-09-28,10950,11000,10800,10850,6279,0.004629629629629539
2016-09-29,10950,11200,10700,11150,23911,0.02764976958525356
2016-09-30,11150,11150,10800,11100,17950,-0.004484304932735439
2016-10-04,11250,11250,10900,11100,18481,0.0
2016-10-05,11250,11250,10800,10900,16149,-0.018018018018018056
2016-10-06,10900,11050,10600,10850,37859,-0.004587155963302725
2016-10-07,10850,10900,10450,10750,16505,-0.009216589861751112
2016-10-10,10750,10850,10650,10750,10633,0.0
2016-10-11,10600,10850,10600,10800,11487,0.0046511627906977715
2016-10-12,10800,10850,10700,10750,9673,-0.00462962962962965
2016-10-13,10750,11000,10700,10900,12555,0.013953488372093092
2016-10-14,10750,11350,10750,11300,27703,0.03669724770642202
2016-10-17,11450,11500,11200,11250,13292,-0.004424778761061954
2016-10-18,11400,11500,11100,11350,16068,0.008888888888888946
2016-10-19,11350,11350,11150,11150,16681,-0.017621145374449365
2016-10-20,11150,11150,10800,11100,8128,-0.004484304932735439
2016-10-21,11100,11150,10900,11000,14326,-0.009009009009009028
2016-10-24,11100,11100,10450,10500,19611,-0.045454545454545414
2016-10-25,10700,10700,10000,10500,23908,0.0
2016-10-26,10500,10600,9940,10150,42498,-0.033333333333333326
2016-10-27,10000,10350,10000,10200,20361,0.0049261083743843415
2016-10-28,10200,10350,10050,10100,11516,-0.009803921568627416
2016-10-31,10100,10500,9940,10500,14725,0.03960396039603964
2016-11-01,10700,10700,10150,10300,17176,-0.01904761904761909
2016-11-02,10350,10350,9900,9900,17180,-0.03883495145631066
2016-11-03,9900,10200,9830,9970,11238,0.007070707070707005
2016-11-04,9850,10100,9850,9950,8167,-0.0020060180541624506
2016-11-07,10150,10350,10050,10050,6436,0.01005025125628145
2016-11-08,10300,10500,10050,10200,5810,0.014925373134328401
2016-11-09,10500,10750,9500,9990,43754,-0.020588235294117685
2016-11-10,10200,10450,9960,10350,12753,0.03603603603603611
2016-11-11,10350,10350,10050,10150,6222,-0.019323671497584516
2016-11-14,10300,10300,9390,9390,48436,-0.07487684729064037
2016-11-15,9470,9470,8820,9300,38845,-0.009584664536741228
2016-11-16,9300,9490,9210,9380,9125,0.008602150537634357
2016-11-17,9380,9450,9320,9390,9261,0.0010660980810235365
2016-11-18,9310,9540,9310,9450,8172,0.006389776357827559
2016-11-21,9530,9530,9210,9220,6797,-0.024338624338624326
2016-11-22,9110,9410,9100,9200,7384,-0.002169197396963085
2016-11-23,9110,9290,9100,9170,10344,-0.003260869565217428
2016-11-24,9010,9170,9000,9000,7008,-0.018538713195201728
2016-11-25,9000,9000,8900,9000,23937,0.0
2016-11-28,9020,9150,8820,8890,4423,-0.012222222222222245
2016-11-29,8880,9030,8760,8910,11533,0.0022497187851517886
2016-11-30,8910,8990,8820,8960,2062,0.0056116722783390305
2016-12-01,9050,9050,8790,8900,9915,-0.006696428571428603
2016-12-02,8850,8970,8600,8970,35816,0.00786516853932584
2016-12-05,8900,9130,8890,9110,21273,0.015607580824972045
2016-12-06,9140,9200,9010,9130,4456,0.002195389681668436
2016-12-07,9130,9260,9050,9250,8110,0.013143483023001057
2016-12-08,9330,9400,9210,9400,4441,0.016216216216216273
2016-12-09,9460,9460,9240,9380,9700,-0.0021276595744680327
2016-12-12,9480,9480,9150,9240,5931,-0.014925373134328401
2016-12-13,9240,9240,9000,9170,9740,-0.007575757575757569
2016-12-14,9120,9120,8840,8870,12584,-0.03271537622682663
2016-12-15,8870,8990,8850,8930,8326,0.006764374295377573
2016-12-16,8930,8990,8630,8630,14844,-0.033594624860022404
2016-12-19,8730,8730,8600,8640,13269,0.0011587485515642815
2016-12-20,8620,8790,8270,8780,54166,0.01620370370370372
2016-12-21,8840,8840,8710,8840,10142,0.006833712984054774
2016-12-22,8930,9050,8880,8920,19774,0.009049773755656076
2016-12-23,8900,9010,8860,8860,4268,-0.006726457399103158
2016-12-26,8950,8950,8550,8580,8452,-0.03160270880361171
2016-12-27,8580,8790,8500,8610,16623,0.0034965034965035446
2016-12-28,8610,8700,8320,8700,24301,0.010452961672473782
2016-12-29,8700,8880,8610,8880,13766,0.020689655172413834
2017-01-02,8990,9500,8800,9410,33956,0.059684684684684575
2017-01-03,9500,9550,9340,9530,12472,0.012752391073326264
2017-01-04,9590,9620,9440,9480,6861,-0.005246589716684125
2017-01-05,9500,9710,9400,9710,21894,0.024261603375527407
2017-01-06,9800,9800,9600,9600,8150,-0.011328527291452062
2017-01-09,9610,9800,9610,9780,22037,0.018750000000000044
2017-01-10,9820,9820,9510,9540,14412,-0.024539877300613466
2017-01-11,9500,9500,9150,9220,25129,-0.033542976939203384
2017-01-12,9300,9390,9230,9290,13754,0.00759219088937102
2017-01-13,9290,9490,9230,9230,12537,-0.006458557588805203
2017-01-16,9230,9320,8920,9120,8174,-0.011917659804983716
2017-01-17,9120,9300,9030,9150,6868,0.00328947368421062
2017-01-18,9150,9300,8890,9040,14100,-0.012021857923497303
2017-01-19,9040,9140,8880,8940,8650,-0.011061946902654829
2017-01-20,8860,9040,8750,8920,10183,-0.0022371364653244186
2017-01-23,9010,9010,8700,8820,7020,-0.011210762331838597
2017-01-24,8740,9000,8570,8770,12057,-0.005668934240362855
2017-01-25,8720,8830,8650,8650,5009,-0.013683010262257711
2017-01-26,8650,8800,8640,8660,4340,0.0011560693641619046
2017-01-31,8980,8980,8530,8570,11843,-0.010392609699769073
2017-02-01,8470,8560,8330,8390,41377,-0.02100350058343059
2017-02-02,8390,8400,8210,8350,20850,-0.004767580452920139
2017-02-03,8350,8420,8190,8250,17293,-0.0119760479041916
2017-02-06,8250,8650,8150,8500,25813,0.030303030303030276
2017-02-07,8500,8510,8350,8400,12516,-0.0117647058823529
2017-02-08,8400,8430,8310,8380,3731,-0.0023809523809523725
2017-02-09,8420,8540,8300,8500,6936,0.014319809069212486
2017-02-10,8530,8590,8410,8500,4926,0.0
2017-02-13,8530,8530,8240,8400,7404,-0.0117647058823529
2017-02-14,8370,8480,8270,8270,8755,-0.015476190476190421
2017-02-15,8270,8440,8270,8350,9596,0.0096735187424426
2017-02-16,8350,8450,8230,8400,4727,0.0059880239520957446
2017-02-17,8420,8480,8250,8360,14538,-0.004761904761904745
2017-02-20,8360,8500,8200,8490,11544,0.015550239234449759
2017-02-21,8430,8680,8400,8680,18709,0.022379269729092988
2017-02-22,8620,8690,8510,8520,8680,-0.018433179723502335
2017-02-23,8530,8600,8310,8490,7482,-0.0035211267605633756
2017-02-24,8490,8490,8240,8430,12850,-0.007067137809187329
2017-02-27,8280,8560,8270,8280,6977,-0.017793594306049876
2017-02-28,8200,8310,8050,8210,16463,-0.008454106280193274
2017-03-02,8210,8290,7900,8060,23542,-0.018270401948842885
2017-03-03,7820,7970,7700,7850,31119,-0.02605459057071957
2017-03-06,7850,7920,7690,7850,10314,0.0
2017-03-07,7850,7890,7670,7870,7810,0.002547770700636942
2017-03-08,7870,7900,7760,7780,10791,-0.01143583227445999
2017-03-09,7740,7930,7620,7670,13317,-0.014138817480719768
2017-03-10,7720,7800,7600,7800,9137,0.016949152542372836
2017-03-13,7880,7940,7620,7820,9398,0.002564102564102555
2017-03-14,7750,7830,7600,7600,15046,-0.02813299232736577
2017-03-15,7600,7600,7500,7600,7086,0.0
2017-03-16,7600,7750,7500,7670,12420,0.009210526315789558
2017-03-17,7600,7900,7600,7900,10572,0.02998696219035213
2017-03-20,7710,8190,7610,8090,14861,0.02405063291139231
2017-03-21,8070,8070,7750,7900,21521,-0.023485784919653918
2017-03-22,7900,7900,7760,7860,7171,-0.005063291139240533
2017-03-23,7750,7920,7750,7860,11148,0.0
2017-03-24,7860,7890,7700,7890,6670,0.003816793893129722
2017-03-27,7880,7950,7700,7880,10889,-0.0012674271229404788
2017-03-28,7950,7950,7730,7920,9977,0.0050761421319796
2017-03-29,7920,7920,7520,7670,29576,-0.031565656565656575
2017-03-30,7650,7850,7580,7850,20533,0.02346805736636237
2017-03-31,7800,7900,7670,7870,12672,0.002547770700636942
2017-04-03,7870,7920,7750,7900,9928,0.003811944091486552
2017-04-04,7830,8020,7830,7850,17731,-0.006329113924050667
2017-04-05,7880,8330,7880,8280,61138,0.054777070063694255
2017-04-06,8350,8370,8180,8330,9757,0.006038647342995196
2017-04-07,8330,8950,8240,8580,99448,0.03001200480192079
2017-04-10,8700,8700,8320,8400,23488,-0.020979020979020935
2017-04-11,8310,8490,8250,8440,22833,0.004761904761904745
2017-04-12,8420,8500,8330,8500,9724,0.007109004739336511
2017-04-13,8430,8510,8330,8430,10134,-0.008235294117647007
2017-04-14,8360,8650,8350,8590,25944,0.018979833926453082
2017-04-17,8590,8700,8510,8660,17771,0.008149010477299212
2017-04-18,8690,8740,8570,8720,20928,0.006928406466512715
2017-04-19,8700,8750,8650,8660,26685,-0.006880733944954143
2017-04-20,8700,8760,8560,8750,30193,0.010392609699769073
2017-04-21,8670,8770,8640,8680,24154,-0.008000000000000007
2017-04-24,8670,8860,8590,8850,24066,0.019585253456221308
2017-04-25,8870,9000,8810,8830,29263,-0.002259887005649719
2017-04-26,8760,8990,8760,8930,20516,0.011325028312570762
2017-04-27,9020,9020,8750,8810,11081,-0.013437849944008984
2017-04-28,8650,8880,8650,8790,14622,-0.002270147559591429
2017-05-02,8880,8950,8510,8880,18107,0.010238907849829282
2017-05-04,8880,8890,8740,8880,4821,0.0
2017-05-08,8840,8880,8620,8740,18091,-0.015765765765765716
2017-05-10,8740,8870,8650,8720,13776,-0.0022883295194507935
2017-05-11,8700,8800,8370,8520,32120,-0.022935779816513735
2017-05-12,8520,8800,8250,8550,10664,0.0035211267605634866
2017-05-15,8400,8540,8240,8440,11203,-0.012865497076023358
2017-05-16,8440,8440,8160,8290,7174,-0.017772511848341277
2017-05-17,8290,8490,8010,8010,12097,-0.033775633293124274
2017-05-18,8000,8270,7800,8260,20568,0.03121098626716612
2017-05-19,8260,8550,8260,8300,19604,0.004842615012106588
2017-05-22,8310,8380,8210,8300,8503,0.0
2017-05-23,8260,8270,8040,8170,36467,-0.015662650602409678
2017-05-24,8170,8260,8100,8180,14849,0.001223990208078396
2017-05-25,8180,8180,8030,8050,11821,-0.0158924205378973
2017-05-26,8050,8140,7980,8090,12875,0.00496894409937898
2017-05-29,8090,8090,7770,7810,22576,-0.034610630407911014
2017-05-30,7810,7870,7610,7650,37297,-0.020486555697823317
2017-05-31,7650,8200,7530,7860,195415,0.027450980392156765
2017-06-01,7860,7940,7650,7780,24213,-0.010178117048346036
2017-06-02,7760,7760,7600,7750,36091,-0.003856041131105381
2017-06-05,7620,7790,7620,7680,16069,-0.00903225806451613
2017-06-07,7680,7760,7610,7740,20232,0.0078125
2017-06-08,7740,7790,7600,7750,21655,0.0012919896640826156
2017-06-09,7710,7960,7700,7900,38659,0.019354838709677358
2017-06-12,7900,7940,7750,7840,18455,-0.0075949367088608
2017-06-13,7850,7900,7780,7900,18816,0.007653061224489832
2017-06-14,7900,7970,7800,7900,11737,0.0
2017-06-15,7870,7900,7760,7900,21046,0.0
2017-06-16,7770,7940,7750,7830,13490,-0.008860759493670933
2017-06-19,7830,7830,7730,7780,17574,-0.0063856960408684715
2017-06-20,7640,7660,7550,7580,29956,-0.02570694087403602
2017-06-21,7580,7580,7350,7480,25453,-0.01319261213720313
2017-06-22,7480,7540,7400,7510,18636,0.00401069518716568
2017-06-23,7510,7510,7440,7510,3954,0.0
2017-06-26,7470,7510,7300,7310,39671,-0.026631158455392767
2017-06-27,7310,7510,7310,7400,9004,0.012311901504787892
2017-06-28,7300,7490,7300,7490,19920,0.012162162162162149
2017-06-29,7430,7500,7370,7480,11158,-0.001335113484646211
2017-06-30,7490,7530,7400,7480,14560,0.0
2017-07-03,7400,7520,7350,7410,10085,-0.009358288770053513
2017-07-04,7320,7400,7290,7350,17331,-0.0080971659919028
2017-07-05,7350,7400,7230,7320,22460,-0.004081632653061273
2017-07-06,7320,7350,7240,7320,22761,0.0
2017-07-07,7320,7350,7230,7310,12463,-0.001366120218579181
2017-07-10,7270,7270,7160,7160,39849,-0.020519835841313228
2017-07-11,7160,7190,6900,7120,35828,-0.005586592178770999
2017-07-12,7120,7120,6850,6890,77750,-0.032303370786516905
2017-07-13,6830,7000,6770,6770,24054,-0.01741654571843254
2017-07-14,6770,6980,6730,6840,15309,0.010339734121122657
2017-07-17,6900,6900,6600,6700,35980,-0.020467836257309968
2017-07-18,6700,6770,6500,6660,22695,-0.005970149253731294
2017-07-19,6660,6770,6540,6770,25193,0.016516516516516422
2017-07-20,6770,6910,6700,6910,13117,0.02067946824224509
2017-07-21,6880,6950,6800,6910,12254,0.0
2017-07-24,6910,6930,6830,6890,8270,-0.0028943560057886897
2017-07-25,6890,6940,6840,6900,7863,0.0014513788098693414
2017-07-26,6930,6930,6860,6900,17635,0.0
2017-07-27,6900,6910,6840,6870,10784,-0.004347826086956497
2017-07-28,6840,6900,6640,6730,10004,-0.020378457059679778
2017-07-31,6620,6630,6500,6510,16008,-0.03268945022288261
2017-08-01,6510,6710,6500,6710,7203,0.030721966205837115
2017-08-02,6710,6710,6590,6590,13178,-0.01788375558867361
2017-08-03,6570,6650,6500,6600,9204,0.0015174506828528056
2017-08-04,6600,6740,6560,6690,5533,0.013636363636363669
2017-08-07,6690,6710,6600,6680,7627,-0.001494768310911776
2017-08-08,6680,6680,6560,6680,7066,0.0
2017-08-09,6600,6680,6560,6620,12399,-0.008982035928143728
2017-08-10,6620,6680,6450,6650,14023,0.004531722054380571
2017-08-11,6640,6640,6420,6580,11836,-0.010526315789473717
2017-08-14,6400,6610,6350,6580,24239,0.0
2017-08-16,6450,6600,6270,6580,22227,0.0
2017-08-17,6800,7000,6630,6960,26730,0.05775075987841949
2017-08-18,7010,7010,6880,6960,9707,0.0
2017-08-21,7010,7010,6770,6890,12886,-0.010057471264367845
2017-08-22,6830,6830,6660,6670,20776,-0.03193033381712629
2017-08-23,6650,6770,6550,6770,26424,0.014992503748125996
2017-08-24,6770,6830,6590,6770,20394,0.0
2017-08-25,6770,6840,6670,6790,11406,0.002954209748892156
2017-08-28,6780,6900,6770,6850,7989,0.008836524300441795
2017-08-29,6850,6850,6670,6730,6029,-0.017518248175182438
2017-08-30,6730,6790,6700,6780,2722,0.007429420505200568
2017-08-31,6900,6910,6700,6800,5380,0.002949852507374562
2017-09-01,6800,6850,6700,6750,6321,-0.007352941176470562
2017-09-04,6680,6740,6500,6570,11014,-0.026666666666666616
2017-09-05,6640,6700,6500,6500,15798,-0.010654490106544956
2017-09-06,6490,6570,6250,6540,40078,0.006153846153846176
2017-09-07,6530,6930,6520,6930,48828,0.059633027522935755
2017-09-08,6940,7040,6610,6940,12016,0.0014430014430013571
2017-09-11,7000,7000,6750,6810,7353,-0.018731988472622474
2017-09-12,6770,6870,6670,6870,27301,0.008810572687224738
2017-09-13,6780,6980,6710,6790,4509,-0.011644832605531286
2017-09-14,6790,6970,6680,6970,24293,0.026509572901325384
2017-09-15,6960,7000,6850,6950,5678,-0.0028694404591105283
2017-09-18,6960,6960,6810,6910,7470,-0.0057553956834532904
2017-09-19,6980,6980,6820,6950,6401,0.005788712011577379
2017-09-20,6980,7020,6860,6860,7709,-0.012949640287769792
2017-09-21,6860,6920,6700,6800,4106,-0.008746355685131157
2017-09-22,6800,6800,6530,6530,26923,-0.039705882352941146
2017-09-25,6530,6590,6220,6240,12291,-0.0444104134762634
2017-09-26,6240,6420,6120,6420,16620,0.028846153846153744
2017-09-27,6330,6400,6140,6330,16730,-0.014018691588784993
2017-09-28,6330,6550,6150,6540,29216,0.033175355450236976
2017-09-29,6540,6610,6410,6610,9234,0.010703363914372988
2017-10-10,6670,6700,6370,6450,14000,-0.024205748865355536
2017-10-11,6400,6420,6300,6410,9976,-0.006201550387596955
2017-10-12,6410,6600,6410,6520,11930,0.01716068642745716
2017-10-13,6420,6500,6360,6360,11022,-0.024539877300613466
2017-10-16,6400,6470,6160,6440,17467,0.012578616352201255
2017-10-17,6510,6510,6280,6450,10326,0.0015527950310558758
2017-10-18,6510,6510,6210,6260,17132,-0.029457364341085257
2017-10-19,6250,6340,6240,6340,19103,0.012779552715654896
2017-10-20,6340,6350,6220,6330,7308,-0.001577287066246047
2017-10-23,6380,6380,6130,6280,5887,-0.00789889415481837
2017-10-24,6280,6290,6160,6250,11558,-0.004777070063694322
2017-10-25,6240,7880,6240,7200,1422086,0.1519999999999999
2017-10-26,7400,7750,7140,7380,283244,0.02499999999999991
2017-10-27,7420,7440,7010,7290,80533,-0.012195121951219523
2017-10-30,7290,7350,7220,7330,41528,0.005486968449931462
2017-10-31,7240,7350,7060,7290,33017,-0.00545702592087316
2017-11-01,7290,7290,7140,7170,12984,-0.016460905349794275
2017-11-02,7170,7230,7070,7200,22528,0.004184100418409997
2017-11-03,7200,7280,7100,7180,19894,-0.002777777777777768
2017-11-06,7180,7260,7010,7010,16007,-0.0236768802228412
2017-11-07,7010,7030,6490,7030,39777,0.0028530670470756636
2017-11-08,7010,7010,6850,6960,11743,-0.009957325746799417
2017-11-09,6960,7200,6840,7150,33563,0.027298850574712707
2017-11-10,7150,7620,7140,7620,65774,0.06573426573426566
2017-11-13,7620,7700,7440,7550,32009,-0.009186351706036766
2017-11-14,7510,7620,7200,7400,26512,-0.019867549668874163
2017-11-15,7400,7400,7020,7050,66336,-0.04729729729729726
2017-11-16,7050,7270,6900,7220,8610,0.02411347517730489
2017-11-17,7280,7280,7080,7140,8394,-0.011080332409972304
2017-11-20,7140,7260,7030,7040,11962,-0.014005602240896309
2017-11-21,7040,7040,6790,6900,15968,-0.019886363636363646
2017-11-22,6900,6960,6780,6890,14203,-0.0014492753623188692
2017-11-23,6890,7110,6730,7110,15414,0.03193033381712618
2017-11-24,7110,7220,6830,7000,20708,-0.015471167369901506
2017-11-27,7000,7070,6880,6950,8765,-0.0071428571428571175
2017-11-28,6950,6950,6760,6780,10662,-0.024460431654676262
2017-11-29,6780,6780,6550,6700,9578,-0.01179941002949858
2017-11-30,6710,6770,6510,6580,9607,-0.017910447761193993
2017-12-01,6580,6630,6490,6590,11019,0.001519756838905817
2017-12-04,6590,6660,6480,6510,3666,-0.012139605462822445
2017-12-05,6510,6600,6510,6600,4829,0.01382488479262678
2017-12-06,6670,6670,6520,6650,9110,0.007575757575757569
2017-12-07,6690,6690,6350,6480,9539,-0.025563909774436122
2017-12-08,6420,6540,6280,6350,11773,-0.020061728395061706
2017-12-11,6300,6430,6300,6420,9779,0.011023622047244164
2017-12-12,6420,6500,6370,6430,10708,0.0015576323987538387
2017-12-13,6290,6410,6290,6340,17838,-0.013996889580093264
2017-12-14,6340,6410,6160,6400,23884,0.009463722397476282
2017-12-15,6400,6450,6320,6400,13055,0.0
2017-12-18,6410,6430,6330,6410,11795,0.0015624999999999112
2017-12-19,6460,6460,6270,6400,14119,-0.0015600624024960652
2017-12-20,6400,6440,6250,6340,12691,-0.009375000000000022
2017-12-21,6260,6340,6240,6280,3794,-0.009463722397476393
2017-12-22,6280,6410,6180,6280,11375,0.0
2017-12-26,6280,6340,6190,6210,10133,-0.011146496815286677
2017-12-27,6210,6340,6200,6340,15818,0.02093397745571668
2017-12-28,6340,6450,6200,6370,13028,0.004731861198738141
2018-01-02,6370,6540,6370,6410,14236,0.006279434850863463
2018-01-03,6410,6450,6240,6280,15879,-0.020280811232449292
2018-01-04,6270,6450,6200,6380,20881,0.015923566878981
2018-01-05,6430,6430,6190,6370,26040,-0.0015673981191222097
2018-01-08,6370,6380,6230,6350,7096,-0.0031397174254317317
2018-01-09,6350,6350,6180,6200,21418,-0.023622047244094446
2018-01-10,6220,6260,6150,6200,15684,0.0
2018-01-11,6200,6200,6110,6200,6994,0.0
2018-01-12,6190,6260,6060,6100,16737,-0.016129032258064502
2018-01-15,6100,6150,6000,6120,12181,0.003278688524590123
2018-01-16,6120,6150,6060,6130,11033,0.0016339869281045694
2018-01-17,6170,6170,6060,6130,8471,0.0
2018-01-18,6130,6160,6000,6140,11868,0.0016313213703098572
2018-01-19,6090,6170,6090,6170,6969,0.004885993485342022
2018-01-22,6180,6180,5830,6100,18312,-0.011345218800648316
2018-01-23,6150,6150,6000,6100,23433,0.0
2018-01-24,6100,6140,6020,6120,12693,0.003278688524590123
2018-01-25,6120,6180,6070,6120,12494,0.0
2018-01-26,6120,6400,6090,6400,28616,0.045751633986928164
2018-01-29,6400,6480,6300,6440,16803,0.006250000000000089
2018-01-30,6440,6440,6320,6440,9296,0.0
2018-01-31,6340,6390,6270,6370,8318,-0.010869565217391353
2018-02-01,6310,6440,6310,6370,14806,0.0
2018-02-02,6370,6410,6210,6400,26833,0.0047095761381474865
2018-02-05,6400,6400,6210,6310,7182,-0.014062499999999978
2018-02-06,6110,6250,5950,6200,29720,-0.017432646592709933
2018-02-07,6200,6270,6120,6170,3851,-0.004838709677419395
2018-02-08,6130,6190,6000,6050,8814,-0.01944894651539708
2018-02-09,5850,6180,5850,6100,12349,0.008264462809917328
2018-02-12,6100,6130,6080,6100,10841,0.0
2018-02-13,6100,6140,6090,6140,5903,0.006557377049180246
2018-02-14,6140,6270,6060,6230,2683,0.014657980456026065
2018-02-19,6290,6300,5940,6120,10749,-0.017656500802568198
2018-02-20,6120,6130,6020,6060,11708,-0.009803921568627416
2018-02-21,6060,6170,6040,6110,10499,0.008250825082508184
2018-02-22,6110,6130,6060,6130,6995,0.003273322422258529
2018-02-23,6180,6180,6000,6100,25492,-0.004893964110929905
2018-02-26,6100,6120,6040,6100,2006,0.0
2018-02-27,6050,6120,5920,5980,15574,-0.01967213114754096
2018-02-28,5970,5980,5910,5950,8278,-0.0050167224080267525
2018-03-02,6040,6040,5830,5830,9952,-0.020168067226890796
2018-03-05,5920,5920,5670,5740,15527,-0.015437392795883409
2018-03-06,5740,5790,5470,5530,44948,-0.03658536585365857
2018-03-07,5530,5590,5500,5500,9598,-0.005424954792043413
2018-03-08,5500,5570,5450,5490,6785,-0.0018181818181818299
2018-03-09,5490,5530,5370,5510,20739,0.0036429872495447047
2018-03-12,5560,5560,5290,5420,61912,-0.016333938294010864
2018-03-13,5470,5470,5340,5420,23939,0.0
2018-03-14,5420,5480,5350,5410,11174,-0.0018450184501844769
2018-03-15,5390,5480,5380,5400,9795,-0.001848428835489857
2018-03-16,5400,5410,5320,5330,22401,-0.012962962962962954
2018-03-19,5330,5370,5270,5320,13695,-0.0018761726078799779
2018-03-20,5320,5320,5180,5260,17998,-0.011278195488721776
2018-03-21,5270,5300,5180,5190,20420,-0.013307984790874472
2018-03-22,5190,5230,5080,5110,36520,-0.015414258188824692
2018-03-23,5110,5140,4990,5040,18399,-0.013698630136986356
2018-03-26,5040,5060,4960,5020,11332,-0.003968253968253954
2018-03-27,5020,5150,5010,5140,18162,0.0239043824701195
2018-03-28,5220,5220,4990,4995,12085,-0.02821011673151752
2018-03-29,5010,5030,4845,5030,37361,0.00700700700700696
2018-03-30,5030,5050,4855,5030,22313,0.0
2018-04-02,4985,5050,4965,5020,13915,-0.001988071570576566
2018-04-03,5020,5020,4860,4970,7960,-0.009960159362549792
2018-04-04,4970,5020,4955,4955,14292,-0.003018108651911433
2018-04-05,0,0,0,4955,0,0.0
2018-04-06,4840,4940,4685,4750,38994,-0.04137235116044402
2018-04-09,4750,4845,4750,4755,29252,0.001052631578947416
2018-04-10,4755,4755,4615,4645,13070,-0.023133543638275467
2018-04-11,4650,4970,4650,4735,25687,0.019375672766415608
2018-04-12,4780,4795,4720,4760,29140,0.0052798310454065245
2018-04-13,4810,4810,4670,4795,24087,0.007352941176470562
2018-04-16,4780,4790,4695,4700,19377,-0.019812304483837306
2018-04-17,4700,4760,4700,4735,18991,0.007446808510638281
2018-04-18,4735,4930,4700,4920,27749,0.03907074973600855
2018-04-19,4920,4945,4860,4930,24450,0.00203252032520318
2018-04-20,4950,4955,4870,4890,16552,-0.008113590263691739
2018-04-23,4930,4940,4820,4875,12160,-0.0030674846625766694
2018-04-24,4925,4925,4845,4865,13836,-0.002051282051282022
2018-04-25,4865,4940,4835,4905,22068,0.008221993833504637
2018-04-26,4905,5070,4875,5030,46297,0.025484199796126372
2018-04-27,5080,5090,4955,5080,19953,0.00994035785288272
2018-04-30,5080,5080,4955,5070,16723,-0.0019685039370078705
2018-05-02,5070,5070,4980,5050,8860,-0.0039447731755424265
2018-05-03,4985,5100,4920,5080,17705,0.005940594059405946
2018-05-04,5100,5110,5000,5060,10616,-0.003937007874015741
2018-05-08,5060,5090,4850,4880,16495,-0.035573122529644285
2018-05-09,4880,4925,4750,4795,16700,-0.01741803278688525
2018-05-10,4795,4980,4795,4980,24702,0.03858185610010434
2018-05-11,4980,5020,4910,4990,4159,0.002008032128514081
2018-05-14,4990,5030,4950,4990,12566,0.0
2018-05-15,4975,4990,4870,4990,4482,0.0
2018-05-16,4995,4995,4895,4915,14060,-0.01503006012024044
2018-05-17,4910,4910,4735,4735,32787,-0.03662258392675488
2018-05-18,4760,4785,4700,4740,8596,0.001055966209081216
2018-05-21,4740,4830,4740,4825,11029,0.01793248945147674
2018-05-23,4825,4850,4700,4810,28746,-0.0031088082901554737
2018-05-24,4810,4810,4670,4705,15307,-0.021829521829521803
2018-05-25,4620,4700,4500,4590,29428,-0.02444208289054195
2018-05-28,4600,4685,4570,4670,17515,0.017429193899782147
2018-05-29,4670,4750,4600,4740,9852,0.01498929336188426
2018-05-30,4680,4740,4515,4545,12662,-0.04113924050632911
2018-05-31,4545,4630,4540,4620,12200,0.01650165016501659
2018-06-01,4620,4670,4580,4650,7195,0.006493506493506551
2018-06-04,4690,4690,4615,4650,4963,0.0
2018-06-05,4650,4715,4580,4660,16451,0.0021505376344086446
2018-06-07,4660,4690,4615,4665,10436,0.0010729613733906351
2018-06-08,4630,4685,4630,4685,6175,0.004287245444801746
2018-06-11,4680,4755,4650,4750,9498,0.01387406616862319
2018-06-12,4745,4765,4695,4760,13599,0.002105263157894832
2018-06-14,4760,4825,4730,4810,18935,0.010504201680672232
2018-06-15,4810,4810,4645,4665,5149,-0.03014553014553012
2018-06-18,4665,4665,4565,4620,9954,-0.009646302250803873
2018-06-19,4525,4595,4395,4480,14813,-0.030303030303030276
2018-06-20,4385,4455,4205,4205,29040,-0.0613839285714286
2018-06-21,4210,4370,4170,4300,31093,0.022592152199762294
2018-06-22,4300,4595,4230,4540,28802,0.05581395348837215
2018-06-25,4480,4540,4455,4495,10878,-0.009911894273127775
2018-06-26,4405,4625,4405,4595,20564,0.022246941045606317
2018-06-27,4645,4765,4590,4725,16765,0.028291621327529937
2018-06-28,4735,4770,4655,4690,6488,-0.007407407407407418
2018-06-29,4650,4685,4565,4580,2828,-0.023454157782516027
2018-07-02,4475,5950,4475,5950,3763606,0.29912663755458513
2018-07-03,6840,7300,6150,6250,10152695,0.050420168067226934
2018-07-04,6250,6930,6050,6900,3952978,0.10400000000000009
2018-07-05,6780,6900,6310,6570,1108910,-0.047826086956521685
2018-07-06,6620,6910,5980,6020,1688815,-0.08371385083713856
2018-07-09,5970,6470,5890,6300,1169466,0.04651162790697683
2018-07-10,6260,6390,6110,6250,617365,-0.007936507936507908
2018-07-11,6220,6350,5610,5650,681354,-0.09599999999999997
2018-07-12,5650,5730,5470,5620,557883,-0.005309734513274322
2018-07-13,5550,5770,5500,5710,402880,0.016014234875444844
2018-07-16,5680,5820,5580,5760,270143,0.008756567425569184
2018-07-17,5810,5830,5580,5600,226554,-0.02777777777777779
2018-07-18,5500,5550,5080,5180,619412,-0.07499999999999996
2018-07-19,5240,5280,4975,5010,254724,-0.032818532818532864
2018-07-20,5050,5130,4900,5010,198229,0.0
2018-07-23,4965,5090,4725,4725,180354,-0.05688622754491013
2018-07-24,4730,4940,4725,4800,129308,0.015873015873015817
2018-07-25,4790,4900,4610,4710,79050,-0.018750000000000044
2018-07-26,4715,4845,4710,4835,64372,0.026539278131634925
2018-07-27,4790,4950,4775,4880,53366,0.009307135470527417
2018-07-30,4895,4925,4840,4890,35313,0.002049180327868827
2018-07-31,4890,5140,4870,5010,125662,0.024539877300613577
2018-08-01,5130,5190,5060,5090,61281,0.015968063872255467
2018-08-02,5090,5090,4915,4955,48074,-0.026522593320235766
2018-08-03,5000,5910,4920,5370,1984482,0.08375378405650857
2018-08-06,5360,5600,5350,5460,591222,0.016759776536312776
2018-08-07,5470,7090,5290,7090,4573421,0.2985347985347986
2018-08-08,7270,7550,6710,6920,3635905,-0.023977433004231274
2018-08-09,6860,7510,6420,6510,3728191,-0.05924855491329484
2018-08-10,6510,6620,5990,6200,1163002,-0.04761904761904767
2018-08-13,6120,6280,5990,6130,530303,-0.011290322580645107
2018-08-14,6050,6400,6050,6070,718267,-0.009787928221859699
2018-08-16,6000,6090,5720,6050,436373,-0.0032948929159802853
2018-08-17,6030,6240,6030,6180,405469,0.02148760330578514
2018-08-20,6180,6230,5750,5780,232591,-0.06472491909385114
2018-08-21,5750,5990,5660,5780,224373,0.0
2018-08-22,5840,7430,5840,6800,8783615,0.17647058823529416
2018-08-23,6730,6750,6490,6710,1209983,-0.013235294117647012
2018-08-24,6740,7170,6300,6350,2136328,-0.05365126676602083
2018-08-27,6610,6740,6160,6410,617558,0.009448818897637823
2018-08-28,6500,6900,6430,6440,1049216,0.004680187207488196
2018-08-29,6670,6720,6400,6720,533632,0.04347826086956519
2018-08-30,6650,8500,6570,7570,8747773,0.12648809523809534
2018-08-31,7500,7800,7340,7720,1613253,0.01981505944517825
2018-09-03,7650,7770,7530,7730,746576,0.0012953367875647714
2018-09-04,7840,7900,7400,7450,819055,-0.036222509702457995
2018-09-05,7460,8240,7460,7560,3095964,0.014765100671140896
2018-09-06,7560,7900,7390,7780,840615,0.02910052910052907
2018-09-07,7800,8560,7300,7310,2637670,-0.06041131105398456
2018-09-10,7300,7370,7100,7360,379301,0.0068399452804377425
2018-09-11,7510,7770,7280,7310,520722,-0.006793478260869512
2018-09-12,7200,7360,6980,7120,424562,-0.025991792065663488
2018-09-13,7100,7210,7040,7140,175062,0.002808988764045006
2018-09-14,7200,7310,6960,6960,327380,-0.025210084033613467
2018-09-17,6910,7030,6570,6660,236872,-0.0431034482758621
2018-09-18,6660,6730,6550,6600,127690,-0.009009009009009028
2018-09-19,6610,6640,6280,6510,192334,-0.013636363636363669
2018-09-20,6510,6510,6270,6400,126577,-0.016897081413210446
2018-09-21,6410,6930,6410,6500,239837,0.015625
2018-09-27,6500,6550,6390,6420,76747,-0.012307692307692353
2018-09-28,6420,6670,6260,6260,138876,-0.024922118380062308
2018-10-01,6270,6340,6050,6090,109957,-0.027156549520766737
2018-10-02,6130,6950,6130,6330,735942,0.039408866995073843
2018-10-04,6320,6600,6250,6410,204797,0.012638230647709303
2018-10-05,6350,6510,6050,6350,178591,-0.009360374414976613
2018-10-08,6250,6420,6160,6200,68421,-0.023622047244094446
2018-10-10,6160,6190,5630,5630,167899,-0.09193548387096773
2018-10-11,5120,5580,5030,5030,131515,-0.10657193605683835
2018-10-12,4935,5490,4905,5400,205332,0.07355864811133195
2018-10-15,5330,5510,5240,5350,65583,-0.0092592592592593
2018-10-16,5270,5950,5270,5650,196312,0.05607476635514019
2018-10-17,5650,5780,5590,5650,71250,0.0
2018-10-18,5700,5740,5560,5560,52439,-0.015929203539822967
2018-10-19,5480,5570,5330,5460,43392,-0.017985611510791366
2018-10-22,5330,5730,5320,5710,59419,0.04578754578754585
2018-10-23,5760,5760,5370,5420,69166,-0.05078809106830118
2018-10-24,5380,5490,5050,5060,92204,-0.06642066420664205
2018-10-25,4730,5020,4730,4900,90445,-0.031620553359683834
2018-10-26,4940,4985,4605,4765,69146,-0.027551020408163263
2018-10-29,4650,4910,4200,4200,122610,-0.11857292759706195
2018-10-30,4090,4475,4090,4410,157995,0.050000000000000044
2018-10-31,4590,4700,4340,4700,58904,0.06575963718820854
2018-11-01,4700,4940,4670,4860,175625,0.03404255319148941
2018-11-02,4970,4970,4800,4910,76295,0.010288065843621297
2018-11-05,4880,4880,4655,4720,80056,-0.03869653767820769
2018-11-06,4785,4890,4480,4575,77134,-0.03072033898305082
2018-11-07,4580,4765,4460,4560,73990,-0.003278688524590123
2018-11-08,4700,5380,4625,4995,580616,0.09539473684210531
2018-11-09,4960,5270,4790,5230,197856,0.047047047047046986
2018-11-12,5190,6400,5120,5700,2677850,0.089866156787763
2018-11-13,5550,5640,5300,5590,461197,-0.019298245614035037
2018-11-14,5560,5710,5460,5600,287202,0.0017889087656528524
2018-11-15,5600,5640,5310,5340,164853,-0.046428571428571375
2018-11-16,5340,5440,5270,5350,88619,0.001872659176029856
2018-11-19,5350,5620,5270,5560,198547,0.03925233644859816
2018-11-20,5370,7220,5360,7220,4152675,0.2985611510791366
2018-11-21,7360,7600,6850,7110,3700276,-0.015235457063711877
2018-11-22,7230,7280,6650,6920,1846550,-0.026722925457102642
2018-11-23,6850,6990,6360,6360,1454581,-0.08092485549132944
2018-11-26,6290,6660,6280,6610,948833,0.03930817610062887
2018-11-27,6520,6550,6340,6490,538625,-0.018154311649016597
2018-11-28,6550,6820,6310,6380,1044950,-0.016949152542372836
2018-11-29,6430,6550,6110,6110,343045,-0.042319749216300995
2018-11-30,6110,6460,6110,6280,335803,0.02782324058919805
2018-12-03,6280,6530,6220,6390,297855,0.01751592356687892
2018-12-04,6330,6540,6240,6400,277368,0.0015649452269170805
2018-12-05,6230,6570,6200,6550,304517,0.0234375
2018-12-06,6500,7150,6020,6100,3119950,-0.06870229007633588
2018-12-07,6180,6250,5760,6120,454315,0.003278688524590123
2018-12-10,6020,6130,5640,5640,238767,-0.07843137254901966
2018-12-11,5700,6080,5550,5550,282534,-0.015957446808510634
2018-12-12,5550,5810,5550,5750,111026,0.03603603603603611
2018-12-13,5720,5880,5640,5720,102047,-0.00521739130434784
2018-12-14,5760,6590,5730,6010,1483150,0.05069930069930062
2018-12-17,6000,6170,5790,6090,284929,0.01331114808652245
2018-12-18,6010,6280,5900,5900,315304,-0.031198686371100126
2018-12-19,5880,6180,5750,6180,303256,0.047457627118643986
2018-12-20,6180,6380,6030,6350,411339,0.027508090614886793
2018-12-21,6350,6480,6200,6200,323575,-0.023622047244094446
2018-12-24,6150,6180,5860,5870,188250,-0.0532258064516129
2018-12-26,5710,5740,5430,5520,246000,-0.05962521294718914
2018-12-27,5690,5750,5520,5530,72592,0.0018115942028984477
2018-12-28,5530,5750,5500,5670,86250,0.025316455696202445
2019-01-02,5700,5840,5600,5750,85852,0.014109347442680775
2019-01-03,5710,6340,5690,5960,571140,0.03652173913043488
2019-01-04,5870,6420,5860,6360,975953,0.06711409395973145
2019-01-07,6500,6550,6220,6270,504224,-0.014150943396226467
2019-01-08,6320,6360,6010,6050,256748,-0.03508771929824561
2019-01-09,6070,6250,5980,6100,202597,0.008264462809917328
2019-01-10,6050,6270,6050,6210,178816,0.0180327868852459
2019-01-11,6250,6270,6060,6170,148231,-0.006441223832528209
2019-01-14,6160,6240,6070,6240,167546,0.011345218800648205
2019-01-15,6650,6650,6180,6190,485039,-0.008012820512820484
2019-01-16,6200,6410,6200,6400,287816,0.03392568659127626
2019-01-17,6400,6400,6080,6110,178898,-0.04531249999999998
2019-01-18,6100,6410,6010,6390,273655,0.04582651391162029
2019-01-21,6450,6450,6210,6340,129543,-0.007824726134585291
2019-01-22,6340,6450,6120,6190,122598,-0.023659305993690816
2019-01-23,6120,6560,6120,6480,372841,0.04684975767366728
2019-01-24,6440,6550,6300,6530,159651,0.007716049382715973
2019-01-25,6570,6760,6400,6400,419348,-0.019908116385911168
2019-01-28,6420,6750,6400,6470,265666,0.010937500000000044
2019-01-29,6470,6570,6250,6450,145644,-0.0030911901081916993
2019-01-30,6420,6630,6380,6620,272512,0.02635658914728678
2019-01-31,6710,6730,6530,6580,179724,-0.0060422960725075026
2019-02-01,6580,6580,6350,6460,162428,-0.018237082066869248
2019-02-07,6400,6500,6280,6400,95928,-0.009287925696594423
2019-02-08,6320,6530,6310,6350,82580,-0.0078125
2019-02-11,6350,6440,6190,6230,117689,-0.018897637795275646
2019-02-12,6230,6330,6200,6230,59188,0.0
2019-02-13,6300,6500,6260,6440,161038,0.03370786516853941
2019-02-14,6480,6550,6400,6540,154595,0.01552795031055898
2019-02-15,6580,6580,6330,6340,107940,-0.030581039755351647
2019-02-18,6340,6800,6340,6800,624551,0.0725552050473186
2019-02-19,6770,7010,6600,6700,714841,-0.014705882352941124
2019-02-20,6670,6770,6520,6620,191154,-0.011940298507462699
2019-02-21,6600,6670,6480,6580,119526,-0.0060422960725075026
2019-02-22,6520,7010,6520,6920,680907,0.05167173252279644
2019-02-25,7010,7120,6680,6730,391090,-0.027456647398843903
2019-02-26,6660,6760,6550,6620,162338,-0.01634472511144136
2019-02-27,6600,6650,6470,6470,126508,-0.0226586102719033
2019-02-28,6480,6520,5930,6010,234003,-0.07109737248840808
2019-03-04,6050,6280,5990,6280,138471,0.04492512479201327
2019-03-05,6210,6370,6190,6250,94270,-0.004777070063694322
2019-03-06,6250,6400,6250,6360,72597,0.01760000000000006
2019-03-07,6330,6480,6150,6220,114698,-0.022012578616352196
2019-03-08,6190,6300,6100,6170,50669,-0.008038585209003246
2019-03-11,6170,6190,5930,6080,70298,-0.014586709886547866
2019-03-12,6310,7380,6270,6710,4917373,0.10361842105263164
2019-03-13,6750,6940,6670,6880,883554,0.0253353204172877
2019-03-14,6880,6990,6710,6960,426066,0.011627906976744207
2019-03-15,6960,6960,6630,6680,318073,-0.04022988505747127
2019-03-18,6750,6910,6710,6890,181250,0.0314371257485031
2019-03-19,6940,6940,6770,6830,145714,-0.00870827285921627
2019-03-20,6800,7240,6610,7230,710920,0.05856515373352855
2019-03-21,7180,7400,7050,7090,500511,-0.019363762102351356
2019-03-22,7210,7320,7030,7140,232964,0.007052186177715081
2019-03-25,7060,7060,6500,6530,349117,-0.08543417366946782
2019-03-26,6540,6620,6260,6560,224218,0.004594180704440953
2019-03-27,6580,6600,6340,6340,148040,-0.03353658536585369
2019-03-28,6340,6450,6200,6200,82066,-0.02208201892744477
2019-03-29,6240,6470,6110,6430,86940,0.0370967741935484
2019-04-01,6400,6560,6350,6500,75015,0.010886469673405896
2019-04-02,6660,7400,6620,6870,1889964,0.056923076923076854
2019-04-03,6840,7000,6820,6930,227702,0.008733624454148492
2019-04-04,6990,6990,6800,6920,148141,-0.0014430014430014682
2019-04-05,6900,6950,6770,6840,140045,-0.011560693641618491
2019-04-08,6870,7370,6860,7370,569634,0.07748538011695905
2019-04-09,7340,7520,7130,7150,344489,-0.02985074626865669
2019-04-10,7150,7730,7150,7600,1202773,0.06293706293706292
2019-04-11,7570,7680,7400,7560,328087,-0.0052631578947368585
2019-04-12,7680,7680,7460,7500,160858,-0.007936507936507908
2019-04-15,7580,7590,7330,7350,209452,-0.020000000000000018
2019-04-16,7270,7400,7160,7200,161679,-0.020408163265306145
2019-04-17,7170,7500,7170,7310,140172,0.015277777777777724
2019-04-18,7310,7310,6890,6890,189400,-0.057455540355677126
2019-04-19,6930,7200,6880,7030,158030,0.020319303338171224
2019-04-22,7100,7140,6940,6970,66969,-0.008534850640113834
2019-04-23,6950,7030,6650,6850,136175,-0.017216642754662836
2019-04-24,6850,7110,6780,7070,113316,0.03211678832116793
2019-04-25,7060,9080,6920,7990,6805617,0.13012729844413018
2019-04-26,8080,8350,7720,8050,1094032,0.007509386733416834
2019-04-29,8150,8800,8080,8090,1663229,0.00496894409937898
2019-04-30,8200,8290,8030,8270,378026,0.02224969097651419
2019-05-02,8280,8700,8250,8250,1137281,-0.00241837968561065
2019-05-03,8170,8490,8000,8380,475724,0.01575757575757586
2019-05-07,8230,8360,8060,8130,241473,-0.029832935560859197
2019-05-08,8000,8420,7890,7910,267621,-0.027060270602705994
2019-05-09,7920,8400,7690,7770,447813,-0.017699115044247815
2019-05-10,7830,7960,7470,7800,226669,0.0038610038610038533
2019-05-13,7700,8100,7490,7560,231391,-0.03076923076923077
2019-05-14,7300,7750,7250,7750,199020,0.025132275132275117
2019-05-15,7780,8060,7780,7860,149687,0.014193548387096744
2019-05-16,7930,8500,7790,8180,1289545,0.040712468193384144
2019-05-17,8350,8350,7610,7660,414624,-0.0635696821515892
2019-05-20,7510,7660,6970,7030,349811,-0.0822454308093995
2019-05-21,6970,7110,6700,6910,242741,-0.017069701280227556
2019-05-22,7000,7100,6810,7000,128657,0.013024602026049159
2019-05-23,7000,7070,6600,6620,195490,-0.05428571428571427
2019-05-24,6560,6610,6310,6370,195172,-0.03776435045317217
2019-05-27,6350,7050,6310,6900,570704,0.08320251177394034
2019-05-28,6810,6830,6610,6800,218964,-0.01449275362318836
2019-05-29,6740,6740,6440,6540,139400,-0.038235294117647034
2019-05-30,6500,6600,6430,6470,54355,-0.010703363914373099
2019-05-31,6460,6600,6400,6450,60385,-0.0030911901081916993
2019-06-03,6370,6990,6370,6700,191645,0.03875968992248069
2019-06-04,6620,6790,6620,6660,83737,-0.005970149253731294
2019-06-05,6770,6770,6640,6660,59314,0.0
2019-06-07,6690,6850,6640,6760,122137,0.01501501501501501
2019-06-10,6870,6890,6770,6770,95062,0.0014792899408284654
2019-06-11,6780,7030,6780,6950,143917,0.026587887740029625
2019-06-12,6990,6990,6710,6750,90257,-0.02877697841726623
2019-06-13,6730,6890,6730,6780,70128,0.004444444444444473
2019-06-14,6850,7020,6840,6880,114521,0.014749262536873253
2019-06-17,6920,6920,6750,6860,76625,-0.0029069767441860517
2019-06-18,6900,7860,6850,6850,1538279,-0.001457725947521915
2019-06-19,6900,7390,6850,7200,600167,0.051094890510948954
2019-06-20,7300,7450,7170,7360,285508,0.022222222222222143
2019-06-21,7550,7940,7200,7560,907354,0.02717391304347827
2019-06-24,7560,8240,7360,7610,981078,0.006613756613756516
2019-06-25,7800,8030,7530,7680,667189,0.009198423127463773
2019-06-26,7580,7750,7290,7390,288367,-0.03776041666666663
2019-06-27,7460,7480,7130,7200,181110,-0.025710419485791558
2019-06-28,7260,7460,7110,7190,165092,-0.001388888888888884
2019-07-01,7190,7340,7110,7320,128590,0.018080667593880495
2019-07-02,7320,7450,7220,7270,123680,-0.006830601092896127
2019-07-03,7270,7450,6860,6940,181548,-0.0453920220082531
2019-07-04,6900,6960,6510,6750,162303,-0.02737752161383289
2019-07-05,7500,8770,7150,7150,5933707,0.059259259259259345
2019-07-08,7160,8260,7090,7740,2690727,0.08251748251748259
2019-07-09,7610,7940,7320,7750,866797,0.0012919896640826156
2019-07-10,7910,8080,7470,7600,890909,-0.01935483870967747
2019-07-11,8140,8200,7640,7790,696502,0.02499999999999991
2019-07-12,7740,7860,7430,7540,362139,-0.03209242618741981
2019-07-15,7550,7560,7040,7120,366231,-0.0557029177718833
2019-07-16,7130,7840,7130,7650,1034841,0.074438202247191
2019-07-17,7620,7710,7460,7500,261567,-0.019607843137254943
2019-07-18,7490,7620,7120,7130,360323,-0.04933333333333334
2019-07-19,7230,7340,7130,7150,191267,0.0028050490883591017
2019-07-22,7140,7150,6980,7000,149418,-0.020979020979020935
2019-07-23,7000,7280,6830,6830,282342,-0.024285714285714244
2019-07-24,6830,7040,6600,6650,201347,-0.026354319180087793
2019-07-25,6650,6780,6380,6420,203837,-0.0345864661654135
2019-07-26,6390,6650,6390,6500,182245,0.012461059190031154
2019-07-29,6500,6500,5750,5800,273293,-0.10769230769230764
2019-07-30,5840,6020,5840,5960,144882,0.02758620689655178
2019-07-31,6160,6220,5790,5980,213361,0.003355704697986628
2019-08-01,5870,6000,5790,5800,111267,-0.030100334448160515
2019-08-02,5680,5880,5330,5690,137735,-0.018965517241379293
2019-08-05,5690,5740,5050,5050,175807,-0.11247803163444636
2019-08-06,4630,5480,4525,5100,374367,0.00990099009900991
2019-08-07,5000,5400,5000,5230,112557,0.025490196078431282
2019-08-08,5250,5530,5250,5510,98129,0.053537284894837445
2019-08-09,5500,5630,5430,5470,89309,-0.007259528130671544
2019-08-12,5370,5810,5370,5580,94401,0.02010968921389389
2019-08-13,5520,5690,5470,5660,49892,0.014336917562723928
2019-08-14,5730,5870,5640,5670,102784,0.0017667844522968323
2019-08-16,5600,5670,5400,5570,50399,-0.01763668430335097
2019-08-19,5570,5830,5570,5780,54111,0.037701974865349985
2019-08-20,5790,6130,5720,6030,185001,0.04325259515570945
2019-08-21,6000,6080,5970,5990,59603,-0.0066334991708125735
2019-08-22,6040,6050,5850,5850,57176,-0.023372287145242088
2019-08-23,5770,5980,5760,5860,49228,0.0017094017094017033
2019-08-26,5750,5780,5450,5520,60806,-0.058020477815699634
2019-08-27,5520,5740,5520,5630,44946,0.019927536231884035
2019-08-28,5560,5960,5560,5850,68976,0.039076376554174175
2019-08-29,5850,5970,5650,5780,52517,-0.011965811965811923
2019-08-30,5840,5950,5820,5860,33783,0.01384083044982698
2019-09-02,5850,6020,5850,5970,40581,0.018771331058020424
2019-09-03,5980,6090,5940,5980,35935,0.0016750418760469454
2019-09-04,5970,6200,5950,6200,121161,0.03678929765886285
2019-09-05,6600,6720,6080,6080,450977,-0.01935483870967747
2019-09-06,6190,6220,6060,6100,56528,0.00328947368421062
2019-09-09,6140,6190,5930,5930,59873,-0.02786885245901638
2019-09-10,5930,6030,5890,5900,27159,-0.005059021922428353
2019-09-11,5960,6110,5840,6110,45813,0.035593220338983045
2019-09-16,6110,6160,6030,6050,50461,-0.009819967266775809
2019-09-17,6030,6180,6030,6180,31305,0.02148760330578514
2019-09-18,6180,6210,6110,6150,45396,-0.004854368932038833
2019-09-19,6170,6270,6090,6150,58618,0.0
2019-09-20,6150,6190,6070,6080,53930,-0.011382113821138184
2019-09-23,6010,6140,6010,6060,50086,-0.003289473684210509
2019-09-24,6100,6270,6070,6150,69719,0.014851485148514865
2019-09-25,6150,6220,5830,5900,102531,-0.04065040650406504
2019-09-26,5990,5990,5720,5750,61438,-0.025423728813559365
2019-09-27,5700,5850,5640,5750,39766,0.0
2019-09-30,5710,5820,5500,5820,86050,0.012173913043478368
2019-10-01,6030,6100,5660,5740,118305,-0.013745704467353903
2019-10-02,5740,5760,5590,5600,37778,-0.024390243902439046
2019-10-04,5600,5630,5470,5470,52614,-0.023214285714285743
2019-10-07,5410,5610,5410,5490,32943,0.003656307129798808
2019-10-08,5440,5640,5440,5640,52613,0.02732240437158473
2019-10-10,5660,5730,5480,5490,60341,-0.02659574468085102
2019-10-11,5500,5630,5450,5630,45216,0.02550091074681249
2019-10-14,5650,5710,5550,5660,61479,0.005328596802841812
2019-10-15,5640,5730,5530,5720,104581,0.010600706713780994
2019-10-16,5710,5780,5680,5720,36204,0.0
2019-10-17,5720,6280,5720,6010,1019807,0.05069930069930062
2019-10-18,6040,6150,5930,5970,139132,-0.006655574043261225
2019-10-21,5960,6010,5860,6000,83218,0.005025125628140614
2019-10-22,5990,6060,5900,6000,83946,0.0
2019-10-23,6100,6110,5870,5920,139771,-0.013333333333333308
2019-10-24,5920,5930,5830,5910,44686,-0.0016891891891891442
2019-10-25,5910,6030,5810,6030,119285,0.020304568527918843
2019-10-28,6300,6550,5940,5940,535801,-0.014925373134328401
2019-10-29,5970,6060,5910,5920,53370,-0.0033670033670033517
2019-10-30,5970,5970,5810,5820,42335,-0.016891891891891886
2019-10-31,5880,5900,5790,5850,30848,0.005154639175257714
2019-11-01,5890,6030,5800,6000,74734,0.02564102564102555
2019-11-04,6010,6030,5940,6020,35094,0.0033333333333334103
2019-11-05,6060,6220,5910,5970,102774,-0.00830564784053156
2019-11-06,5970,6100,5950,6000,34208,0.005025125628140614
2019-11-07,6000,6040,5900,5920,56340,-0.013333333333333308
2019-11-08,5930,6060,5930,6030,60238,0.01858108108108114
2019-11-11,6010,6140,5980,6100,111443,0.011608623548922115
2019-11-12,6180,6180,6050,6170,91725,0.011475409836065653
2019-11-13,6200,6250,6100,6140,73875,-0.004862236628849326
2019-11-14,6180,6250,6030,6030,61197,-0.01791530944625408
2019-11-15,6070,6160,6000,6150,50871,0.01990049751243772
2019-11-18,6080,6080,5620,5630,255386,-0.08455284552845532
2019-11-19,5660,5680,5470,5530,57951,-0.017761989342806372
2019-11-20,5560,5570,5410,5410,66282,-0.02169981916817365
2019-11-21,5430,5430,5060,5130,74293,-0.05175600739371533
2019-11-22,5130,5260,5010,5070,54743,-0.011695906432748537
2019-11-25,5130,5250,5110,5250,23515,0.035502958579881616
2019-11-26,5280,5420,5220,5420,75651,0.0323809523809524
2019-11-27,5570,5640,5200,5290,181757,-0.023985239852398532
2019-11-28,5320,5320,5050,5150,24932,-0.026465028355387554
2019-11-29,5130,5230,5070,5120,27170,-0.005825242718446644
2019-12-02,5100,5160,5050,5150,31024,0.005859375
2019-12-03,5190,5190,5050,5050,16206,-0.01941747572815533
2019-12-04,5050,5140,5020,5030,27769,-0.003960396039603964
2019-12-05,5030,5100,4950,4975,28217,-0.010934393638170947
2019-12-06,5000,5070,4975,5000,16882,0.005025125628140614
2019-12-09,4915,5080,4870,5030,71265,0.006000000000000005
2019-12-10,4985,5050,4970,5050,26590,0.003976143141153132
2019-12-11,5050,5120,5010,5050,28082,0.0
2019-12-12,5060,5250,5060,5210,51300,0.03168316831683171
2019-12-13,5310,5360,5250,5300,57259,0.017274472168905985
2019-12-16,5290,5430,5280,5430,44488,0.02452830188679256
2019-12-17,5380,5450,5330,5370,23381,-0.011049723756906049
2019-12-18,5400,5420,5300,5340,29522,-0.005586592178770999
2019-12-19,5480,5510,5370,5440,66470,0.01872659176029967
2019-12-20,5430,5490,5410,5440,26394,0.0
2019-12-23,5410,5430,5250,5400,44127,-0.007352941176470562
2019-12-24,5420,5420,5250,5250,22320,-0.02777777777777779
2019-12-26,5280,5290,5120,5290,31761,0.007619047619047636
2019-12-27,5290,5390,5200,5360,49684,0.013232514177693666
2019-12-30,5360,5460,5300,5460,40506,0.018656716417910557
2020-01-02,5460,5550,5450,5530,55824,0.012820512820512775
2020-01-03,5530,5680,5470,5650,81548,0.02169981916817365
2020-01-06,5590,5830,5540,5750,160554,0.017699115044247815
2020-01-07,5750,5820,5660,5740,70430,-0.0017391304347825765
2020-01-08,5700,5700,5370,5470,80251,-0.04703832752613235
2020-01-09,5580,5700,5540,5660,52341,0.034734917733089565
2020-01-10,5670,5740,5590,5720,50837,0.010600706713780994
2020-01-13,5790,5850,5690,5780,64981,0.010489510489510412
2020-01-14,5780,5850,5750,5790,56899,0.0017301038062282892
2020-01-15,5790,5800,5730,5770,27459,-0.003454231433506094
2020-01-16,5790,5850,5740,5810,34087,0.006932409012131657
2020-01-17,5870,5900,5670,5730,70964,-0.013769363166953541
2020-01-20,5760,5820,5680,5750,50001,0.003490401396160525
2020-01-21,5750,5800,5680,5680,33079,-0.012173913043478257
2020-01-22,5710,5720,5620,5710,22778,0.005281690140845008
2020-01-23,5710,5740,5650,5720,15708,0.0017513134851139256
2020-01-28,5510,5650,5470,5510,66512,-0.036713286713286664
2020-01-29,5490,5630,5490,5600,27270,0.016333938294010864
2020-01-30,5620,5790,5300,5370,54350,-0.04107142857142854
2020-01-31,5390,5400,5050,5100,52931,-0.05027932960893855
2020-02-03,4950,5160,4785,5100,43318,0.0
2020-02-04,5150,5390,5140,5390,36784,0.056862745098039236
2020-02-05,5490,5620,5370,5440,50885,0.00927643784786647
2020-02-06,5390,5500,5350,5430,31381,-0.0018382352941176405
2020-02-07,5440,5540,5410,5460,21144,0.005524861878453136
2020-02-10,5460,5460,5370,5400,15431,-0.01098901098901095
2020-02-11,5430,5660,5380,5510,64840,0.020370370370370372
2020-02-12,5530,6230,5420,5660,1139294,0.02722323049001818
2020-02-13,5690,6840,5620,6510,5667986,0.15017667844522964
2020-02-14,6450,6550,6130,6190,1365014,-0.04915514592933945
2020-02-17,6280,6420,6100,6180,887052,-0.001615508885298822
2020-02-18,6260,6370,5850,5980,530762,-0.032362459546925515
2020-02-19,6030,6040,5800,5910,242333,-0.01170568561872909
2020-02-20,6000,6010,5850,5890,194663,-0.0033840947546531774
2020-02-21,5830,5870,5750,5810,146407,-0.01358234295415961
2020-02-24,5590,5750,5460,5520,241752,-0.04991394148020656
2020-02-25,5450,5680,5400,5680,109567,0.02898550724637672
2020-02-26,5450,5590,5380,5530,112036,-0.026408450704225372
2020-02-27,5580,5780,5250,5310,262623,-0.039783001808318286
2020-02-28,5230,5300,4945,5000,155595,-0.05838041431261776
2020-03-02,5080,5130,4935,5080,63988,0.016000000000000014
2020-03-03,5190,5580,5140,5200,376858,0.023622047244094446
2020-03-04,5200,5430,5150,5400,119800,0.03846153846153855
2020-03-05,5450,5460,5340,5450,83746,0.0092592592592593
2020-03-06,5350,5470,5250,5280,83359,-0.031192660550458662
2020-03-09,5220,5220,4900,4905,109776,-0.07102272727272729
2020-03-10,4780,4905,4710,4905,120622,0.0
2020-03-11,4925,4995,4600,4680,113905,-0.04587155963302747
2020-03-12,4535,4640,4160,4210,118696,-0.1004273504273504
2020-03-13,3550,4000,3405,3605,178862,-0.1437054631828979
2020-03-16,3645,3760,3370,3490,82031,-0.03190013869625519
2020-03-17,3010,3660,3010,3455,93673,-0.01002865329512892
2020-03-18,3470,3650,3100,3210,61991,-0.0709117221418234
2020-03-19,3230,3405,2510,2900,145813,-0.09657320872274144
2020-03-20,2730,3020,2730,2975,125759,0.02586206896551735
2020-03-23,2850,2850,2545,2650,82005,-0.10924369747899154
2020-03-24,2660,2810,2570,2775,125314,0.04716981132075482
2020-03-25,2840,2945,2765,2905,127683,0.04684684684684681
2020-03-26,2925,3295,2895,3210,197983,0.10499139414802072
2020-03-27,3315,3420,3100,3330,125739,0.03738317757009346
2020-03-30,3130,3440,3130,3440,52758,0.033033033033033066
2020-03-31,3475,3675,3425,3660,114728,0.06395348837209291
2020-04-01,3680,3800,3520,3570,90977,-0.024590163934426257
2020-04-02,3465,3635,3460,3615,46245,0.012605042016806678
2020-04-03,3605,3785,3605,3695,53613,0.022130013831258566
2020-04-06,3695,3835,3640,3835,59042,0.03788903924221931
2020-04-07,4000,4000,3810,3960,110573,0.0325945241199479
2020-04-08,3960,4270,3900,4150,157523,0.04797979797979801
2020-04-09,4215,4405,4195,4340,106269,0.04578313253012056
2020-04-10,4435,4435,4150,4315,84712,-0.005760368663594417
2020-04-13,4340,4340,4150,4275,39840,-0.009269988412514474
2020-04-14,4275,4300,4020,4165,77651,-0.025730994152046827
2020-04-16,4190,4290,4030,4260,45416,0.02280912364945986
2020-04-17,4345,4690,4265,4560,297640,0.07042253521126751
2020-04-20,4585,4630,4410,4445,107512,-0.025219298245614086
2020-04-21,4370,4500,4110,4285,94309,-0.03599550056242973
2020-04-22,4200,4400,4050,4400,66066,0.02683780630105015
2020-04-23,4400,4490,4355,4435,56139,0.007954545454545547
2020-04-24,4435,4435,4190,4345,34483,-0.020293122886133053
2020-04-27,4345,4415,4255,4385,49712,0.009205983889528202
2020-04-28,4385,4410,4225,4340,35692,-0.010262257696693311
2020-04-29,4365,4420,4310,4345,33580,0.0011520737327188613
2020-05-04,4300,4300,4185,4220,18002,-0.028768699654775576
2020-05-06,4330,4355,4235,4345,25164,0.02962085308056861
2020-05-07,4345,4465,4340,4445,55096,0.023014959723820505
2020-05-08,4500,4580,4455,4560,68549,0.025871766029246235
2020-05-11,4630,4630,4270,4480,54945,-0.01754385964912286
2020-05-12,4480,4480,4205,4260,166077,-0.049107142857142905
2020-05-13,4255,4340,4025,4080,184320,-0.04225352112676062
2020-05-14,4075,4140,3940,3940,151142,-0.03431372549019607
2020-05-15,4035,4085,3950,4005,61385,0.016497461928933976
2020-05-18,4080,4080,3810,4025,76312,0.004993757802746579
2020-05-19,4025,4200,3990,4190,83676,0.0409937888198757
2020-05-20,4190,4315,4030,4295,72641,0.02505966587112174
2020-05-21,4330,4480,4295,4435,180807,0.03259604190919685
2020-05-22,4490,4490,4260,4285,109315,-0.03382187147688842
2020-05-25,4300,4400,4195,4390,75287,0.02450408401400228
2020-05-26,4415,4475,4350,4460,75111,0.015945330296127658
2020-05-27,4830,4830,4390,4480,171974,0.004484304932735439
2020-05-28,4525,4570,4250,4370,68944,-0.024553571428571397
2020-05-29,4395,4470,4265,4320,39168,-0.011441647597253968
2020-06-01,4330,4430,4300,4350,53577,0.00694444444444442
2020-06-02,4375,4520,4370,4430,74387,0.01839080459770126
2020-06-03,4410,4455,4350,4380,36539,-0.011286681715575675
2020-06-04,4405,4600,4380,4500,131612,0.027397260273972712
2020-06-05,4550,4575,4410,4535,134669,0.007777777777777883
2020-06-08,4535,4610,4520,4555,72920,0.004410143329658167
2020-06-09,4555,4595,4430,4505,72116,-0.010976948408342513
2020-06-10,4505,4520,4400,4430,46261,-0.01664816870144281
2020-06-11,4385,4420,4230,4265,65270,-0.03724604966139955
2020-06-12,4100,4285,4040,4190,73284,-0.017584994138335253
2020-06-15,4190,4190,3670,3670,88756,-0.12410501193317425
2020-06-16,3900,3995,3760,3900,40501,0.06267029972752036
2020-06-17,3850,3960,3760,3840,31095,-0.01538461538461533
2020-06-18,3910,3910,3845,3865,31489,0.006510416666666741
2020-06-19,3870,3955,3800,3935,32169,0.018111254851228997
2020-06-22,3910,4000,3890,3935,18800,0.0
2020-06-23,3900,3970,3840,3970,41058,0.008894536213468918
2020-06-24,3970,5160,3900,5160,2397889,0.2997481108312343
2020-06-25,5990,6030,4620,4735,2781176,-0.08236434108527135
2020-06-26,4775,5130,4665,5130,1185226,0.0834213305174234
2020-06-29,5030,5500,4850,4850,3266384,-0.05458089668615984
2020-06-30,4900,4950,4620,4650,440765,-0.04123711340206182
2020-07-01,4700,4715,4465,4505,322972,-0.03118279569892468
2020-07-02,4470,4735,4370,4600,299731,0.021087680355160954
2020-07-03,4625,4760,4505,4705,149936,0.022826086956521774
2020-07-06,4735,6110,4625,6110,11557773,0.2986184909670564
2020-07-07,6240,6380,5840,5920,4119097,-0.03109656301145658
2020-07-08,5810,5840,5540,5740,954299,-0.030405405405405372
2020-07-09,5650,5680,5510,5600,562149,-0.024390243902439046
2020-07-10,5600,5860,5580,5620,1456164,0.0035714285714285587
2020-07-13,5670,6290,5670,5780,4127055,0.028469750889679624
2020-07-14,5780,5810,5480,5540,525239,-0.04152249134948094
2020-07-15,5540,6080,5500,5580,1068475,0.0072202166064982976
2020-07-16,5600,5820,5520,5640,306316,0.010752688172043001
2020-07-17,5750,6270,5710,5830,2877622,0.03368794326241131
2020-07-20,5940,5960,5700,5760,481321,-0.012006861063464824
2020-07-21,5780,6070,5760,5850,695260,0.015625
2020-07-22,5900,5960,5540,5540,336916,-0.052991452991453025
2020-07-23,5680,5690,5100,5140,946843,-0.07220216606498198
2020-07-24,5100,5100,4765,4835,590376,-0.05933852140077822
2020-07-27,4835,5030,4770,4955,227321,0.024819027921406445
2020-07-28,4960,5060,4915,5000,205621,0.00908173562058523
2020-07-29,5080,5080,4925,4945,125371,-0.01100000000000001
2020-07-30,4960,5060,4935,5030,161497,0.01718907987866536
2020-07-31,5050,5100,4990,4990,142815,-0.007952286282306154
2020-08-03,5000,5020,4890,4900,138352,-0.018036072144288595
2020-08-04,4900,5100,4900,5080,160811,0.03673469387755102
2020-08-05,5100,5220,5020,5150,260340,0.013779527559055094
2020-08-06,5220,5250,5080,5110,163085,-0.007766990291262155
2020-08-07,5140,5170,5030,5120,144173,0.001956947162426559
2020-08-10,5160,5160,4950,5060,143688,-0.01171875
2020-08-11,5070,5190,4980,5130,179488,0.01383399209486158
2020-08-12,5170,5320,5110,5300,445085,0.033138401559454245
2020-08-13,5450,5460,5160,5280,333997,-0.0037735849056603765
2020-08-14,5310,5360,5140,5260,125887,-0.0037878787878787845
2020-08-18,5150,5210,4750,4770,262800,-0.09315589353612164
2020-08-19,4780,4895,4750,4815,82329,0.009433962264151052
2020-08-20,4830,4830,4345,4445,231440,-0.07684319833852549
2020-08-21,4445,4580,4300,4530,93751,0.01912260967379087
2020-08-24,4425,4530,4400,4525,66849,-0.001103752759381904
2020-08-25,4525,4715,4520,4715,79879,0.041988950276243164
2020-08-26,4725,4785,4615,4775,99084,0.012725344644750836
2020-08-27,4745,4790,4540,4610,82613,-0.034554973821989576
2020-08-28,4580,4805,4505,4655,111194,0.009761388286334105
2020-08-31,4655,4735,4625,4675,42079,0.004296455424275036
2020-09-01,4700,4805,4625,4755,83776,0.01711229946524062
2020-09-02,4790,4845,4740,4790,86438,0.007360672975814886
2020-09-03,4830,4865,4750,4760,82450,-0.006263048016701411
2020-09-04,4540,4730,4525,4730,71929,-0.006302521008403339
2020-09-07,4755,4825,4640,4785,79737,0.011627906976744207
2020-09-08,4765,5350,4765,5160,1118565,0.07836990595611293
2020-09-09,5000,5130,4940,5020,251333,-0.027131782945736482
2020-09-10,5100,5160,5000,5090,180209,0.013944223107569709
2020-09-11,5090,5130,4955,5020,150587,-0.013752455795677854
2020-09-14,5070,5450,5010,5300,696106,0.055776892430278835
2020-09-15,5360,5440,5220,5260,336071,-0.007547169811320753
2020-09-16,5350,5370,5160,5240,159862,-0.0038022813688213253
2020-09-17,5240,5270,5050,5060,143726,-0.03435114503816794
2020-09-18,5070,5260,5060,5140,132460,0.015810276679841806
2020-09-21,5140,5150,4950,5020,123694,-0.023346303501945553
2020-09-22,4940,5090,4800,4815,116164,-0.04083665338645415
2020-09-23,4915,5240,4560,5010,211231,0.04049844236760114
2020-09-24,4800,4995,4770,4815,128507,-0.038922155688622784
2020-09-25,4900,4940,4705,4830,79226,0.0031152647975076775
2020-09-28,4935,5170,4860,5060,145578,0.04761904761904767
2020-09-29,5140,5300,5130,5150,297201,0.01778656126482203
2020-10-05,5150,5250,5080,5210,121225,0.011650485436893288
2020-10-06,5230,5250,5110,5110,173840,-0.019193857965451033
2020-10-07,5100,5270,5100,5200,193505,0.017612524461839474
2020-10-08,5250,5310,5180,5230,137984,0.005769230769230749
2020-10-12,5300,5780,5190,5650,2154229,0.08030592734225617
2020-10-13,6100,7340,6090,7340,7668187,0.2991150442477877
2020-10-14,7700,7850,7040,7300,6462115,-0.00544959128065392
2020-10-15,7290,7350,6710,6760,1834284,-0.07397260273972606
2020-10-16,6710,6840,6210,6270,1204033,-0.0724852071005917
2020-10-19,6410,6940,6060,6210,5483920,-0.009569377990430672
2020-10-20,6460,6690,5910,6050,2572168,-0.025764895330112725
2020-10-21,6180,6450,6050,6300,819902,0.04132231404958686
2020-10-22,6240,6240,5870,5900,540482,-0.06349206349206349
2020-10-23,6200,7070,6000,6000,11485393,0.016949152542372836
2020-10-26,6000,6000,5460,5470,926388,-0.08833333333333337
2020-10-27,5280,5580,5260,5370,597903,-0.018281535648994485
2020-10-28,5300,5480,5300,5480,515395,0.020484171322160183
2020-10-29,5350,5350,5150,5310,566984,-0.031021897810219023
2020-10-30,5300,5470,5190,5260,515151,-0.00941619585687381
2020-11-02,5260,5470,5200,5400,419449,0.026615969581748944
2020-11-03,5460,5650,5360,5410,603623,0.0018518518518517713
2020-11-04,5480,5530,5320,5470,338452,0.01109057301293892
2020-11-05,5530,5680,5470,5650,644121,0.03290676416819016
2020-11-06,5700,5750,5520,5520,413347,-0.023008849557522137
2020-11-09,5700,5790,5540,5790,385570,0.048913043478260976
2020-11-10,5820,5820,5590,5730,304945,-0.010362694300518172
2020-11-11,5780,5780,5550,5600,365704,-0.022687609075043635
2020-11-12,5700,5770,5600,5690,279772,0.016071428571428514
2020-11-13,5750,5760,5580,5690,217188,0.0
2020-11-16,5640,5730,5600,5660,292340,-0.005272407732864637
2020-11-17,5600,5660,5400,5490,256562,-0.030035335689045928
2020-11-18,5470,5570,5450,5530,132614,0.007285974499089187
2020-11-19,5500,5560,5470,5510,102221,-0.003616636528028905
2020-11-20,5530,5720,5520,5640,235833,0.023593466424682408
2020-11-23,5710,5710,5550,5630,218373,-0.0017730496453900457
2020-11-24,5700,5810,5600,5720,443745,0.015985790408525657
2020-11-25,5780,5800,5430,5520,490457,-0.034965034965035
2020-11-26,6520,6950,5790,5850,8586942,0.059782608695652106
2020-11-27,5870,6450,5780,6070,3657406,0.037606837606837695
2020-11-30,6010,6060,5840,5880,547257,-0.03130148270181221
2020-12-01,5810,6120,5750,5970,481793,0.015306122448979664
2020-12-02,6100,6110,5920,6020,294836,0.008375209380234505
2020-12-03,6030,6030,5850,5900,272007,-0.019933554817275767
2020-12-04,5950,6030,5610,5740,290290,-0.027118644067796627
2020-12-07,5820,5960,5640,5930,350680,0.03310104529616731
2020-12-08,5950,5980,5730,5760,234609,-0.028667790893760592
2020-12-09,5820,5990,5760,5870,348028,0.01909722222222232
2020-12-10,5800,5940,5710,5780,219980,-0.015332197614991494
2020-12-11,5790,5840,5730,5770,144738,-0.0017301038062284002
2020-12-14,5830,5830,5640,5670,173062,-0.017331022530329254
2020-12-15,5670,5730,5500,5550,237760,-0.021164021164021163
2020-12-16,5580,5650,5520,5580,150015,0.00540540540540535
2020-12-17,5550,5640,5530,5560,120867,-0.0035842293906810374
2020-12-18,5580,5590,5430,5510,135164,-0.008992805755395739
2020-12-21,5540,5600,5420,5550,178380,0.007259528130671544
2020-12-22,5530,5550,5210,5230,308884,-0.057657657657657624
2020-12-23,5250,5630,5220,5250,485164,0.003824091778202643
2020-12-24,5250,5500,5250,5350,237276,0.01904761904761898
2020-12-28,5360,6370,5350,5610,5013831,0.04859813084112141
2020-12-29,5580,5850,5530,5700,815894,0.016042780748663166
2020-12-30,5700,5900,5680,5800,604052,0.01754385964912286
2021-01-04,5800,6160,5700,5930,644923,0.022413793103448265
2021-01-05,5850,5970,5760,5870,353074,-0.010118043844856706
2021-01-06,5880,5940,5770,5810,398481,-0.010221465076660996
2021-01-07,5900,6200,5810,6000,722354,0.03270223752151469
2021-01-08,6090,6090,5790,5900,584832,-0.01666666666666672
2021-01-11,5950,6360,5860,6250,2484351,0.05932203389830515
2021-01-12,6200,6680,6110,6410,2316978,0.025600000000000067
2021-01-13,6420,6650,6250,6490,1062688,0.012480499219968744
2021-01-14,6390,6530,6280,6360,434622,-0.02003081664098616
2021-01-15,6360,6500,5890,5970,631089,-0.061320754716981174
2021-01-18,5890,6100,5620,5820,365472,-0.025125628140703515
2021-01-19,5920,6120,5850,6080,260259,0.04467353951890041
2021-01-20,6140,6190,6030,6100,235997,0.00328947368421062
2021-01-21,6240,6320,6090,6140,413809,0.006557377049180246
2021-01-22,6300,6420,6150,6230,568322,0.014657980456026065
2021-01-25,6240,6800,6110,6680,1638867,0.07223113964687
2021-01-26,6790,6830,6490,6690,1440727,0.0014970059880239361
2021-01-27,6650,6670,6340,6340,554717,-0.05231689088191327
2021-01-28,6140,6350,6040,6200,416578,-0.02208201892744477
2021-01-29,6200,6280,5850,5890,320403,-0.050000000000000044
2021-02-01,5900,6240,5800,6200,348116,0.05263157894736836
2021-02-02,6260,6490,6140,6210,365271,0.001612903225806539
2021-02-03,6230,6400,6200,6280,173022,0.011272141706924366
2021-02-04,6300,6320,6060,6090,206935,-0.030254777070063743
2021-02-05,6170,6180,6020,6040,123242,-0.008210180623973717
2021-02-08,6080,6150,5990,6010,128538,-0.004966887417218513
2021-02-09,6030,6200,5950,5950,149799,-0.009983361064891838
2021-02-10,6040,6050,5860,5970,109063,0.003361344537815114
2021-02-15,6020,6220,5920,6170,160218,0.03350083752093802
2021-02-16,6310,6400,6230,6270,270241,0.01620745542949753
2021-02-17,6320,6450,6180,6430,362219,0.02551834130781505
2021-02-18,6420,6420,6010,6040,469395,-0.06065318818040433
2021-02-19,6100,6100,5880,6040,165098,0.0
2021-02-22,6090,6100,5910,5930,151646,-0.018211920529801362
2021-02-23,5840,6300,5780,5940,132319,0.001686340640809414
2021-02-24,5970,6100,5700,5720,140551,-0.03703703703703709
2021-02-25,5760,5950,5760,5950,165816,0.04020979020979021
2021-02-26,6060,6080,5720,5750,270164,-0.03361344537815125
2021-03-02,5890,6150,5700,5700,437652,-0.008695652173912993
2021-03-03,5700,5880,5620,5800,129414,0.01754385964912286
2021-03-04,5750,5800,5620,5710,69684,-0.01551724137931032
2021-03-05,5670,5800,5530,5690,103183,-0.003502626970227629
2021-03-08,5800,5800,5660,5680,67994,-0.0017574692442882123
2021-03-09,5730,5730,5240,5370,119133,-0.05457746478873238
2021-03-10,5400,5500,5300,5350,39137,-0.003724394785847296
2021-03-11,5380,5560,5380,5480,63602,0.024299065420560817
2021-03-12,5440,5630,5440,5560,64599,0.014598540145985384
2021-03-15,5420,5480,5320,5380,105413,-0.03237410071942448
2021-03-16,5430,5440,5300,5410,67174,0.005576208178438735
2021-03-17,5430,5430,5310,5420,71414,0.001848428835489857
2021-03-18,5390,5580,5390,5490,62788,0.012915129151291449
2021-03-19,5350,5490,5350,5470,35144,-0.0036429872495445936
2021-03-22,5470,5530,5430,5490,46849,0.003656307129798808
2021-03-23,5510,5630,5360,5420,92531,-0.012750455373406244
2021-03-24,5320,5460,5320,5400,39091,-0.0036900369003689537
2021-03-25,5350,5440,5320,5350,56431,-0.0092592592592593
2021-03-26,5350,5400,5100,5280,134553,-0.013084112149532756
2021-03-29,5230,5270,5140,5210,69771,-0.013257575757575801
2021-03-30,5220,5740,5210,5550,247010,0.06525911708253362
2021-03-31,5430,5730,5430,5680,144513,0.023423423423423406
2021-04-01,5630,5930,5630,5660,147171,-0.0035211267605633756
2021-04-02,5710,5780,5650,5730,64457,0.012367491166077826
2021-04-05,5730,5870,5680,5860,72143,0.022687609075043635
2021-04-06,5870,5900,5630,5710,87519,-0.025597269624573427
2021-04-07,5650,5760,5590,5670,80020,-0.007005253940455369
2021-04-08,5670,5820,5610,5730,71240,0.010582010582010692
2021-04-09,5850,5860,5640,5640,66776,-0.015706806282722474
2021-04-12,5690,5740,5520,5730,69941,0.015957446808510634
2021-04-13,5730,6570,5690,6130,6436181,0.06980802792321117
2021-04-14,6060,6080,5940,5980,306166,-0.024469820554649302
2021-04-15,6020,6370,5960,6070,1245949,0.015050167224080369
2021-04-16,6170,6370,6050,6320,627889,0.041186161449752845
2021-04-19,6300,6320,6150,6210,251472,-0.017405063291139222
2021-04-20,6180,6340,6000,6200,229426,-0.0016103059581320522
2021-04-21,6200,6280,6020,6130,191794,-0.011290322580645107
2021-04-22,6150,6270,6060,6230,251352,0.01631321370309946
2021-04-23,6170,6260,6130,6130,159116,-0.0160513643659711
2021-04-26,6150,6190,6050,6070,100201,-0.009787928221859699
2021-04-27,6090,6090,5930,5970,111501,-0.016474464579901205
2021-04-28,5990,6050,5760,5960,158429,-0.0016750418760469454
2021-04-29,6100,6190,5930,5970,209684,0.001677852348993314
2021-04-30,6080,6080,5790,5790,127753,-0.03015075376884424
2021-05-03,5790,5810,5590,5620,104350,-0.029360967184801412
2021-05-04,5570,5680,5390,5590,114391,-0.005338078291814985
2021-05-06,5550,5850,5550,5760,70634,0.030411449016100267
2021-05-07,5790,5820,5630,5710,62620,-0.00868055555555558
2021-05-10,5710,5780,5590,5630,69567,-0.014010507880910628
2021-05-11,5630,5670,5440,5520,104756,-0.019538188277087087
2021-05-12,5520,5520,5300,5410,85865,-0.019927536231884035
2021-05-13,5310,5400,5230,5300,60973,-0.020332717190388205
2021-05-14,5300,5440,5300,5420,58130,0.02264150943396226
2021-05-17,5420,5530,5360,5390,44360,-0.005535055350553542
2021-05-18,5370,5430,5310,5400,45424,0.0018552875695732052
2021-05-20,5370,5560,5330,5550,55229,0.02777777777777768
2021-05-21,5550,5560,5370,5420,51262,-0.023423423423423406
2021-05-24,5370,5420,5240,5240,48953,-0.03321033210332103
2021-05-25,5220,5360,5220,5350,28062,0.020992366412213803
2021-05-26,5350,5520,5300,5460,81228,0.020560747663551426
2021-05-27,5470,5540,5350,5410,28050,-0.009157509157509125
2021-05-28,5410,5470,5330,5400,48052,-0.001848428835489857
2021-05-31,5430,5440,5320,5410,78759,0.0018518518518517713
2021-06-01,5450,5490,5370,5490,70943,0.014787430683918634
2021-06-02,5600,5940,5530,5770,340544,0.051001821493624755
2021-06-03,5800,5860,5740,5840,75254,0.0121317157712304
2021-06-04,5900,5970,5750,5910,149835,0.011986301369863117
2021-06-07,5950,5970,5700,5800,92129,-0.0186125211505922
2021-06-08,5570,5680,5470,5570,169556,-0.03965517241379313
2021-06-09,5540,5610,5520,5570,50082,0.0
2021-06-10,5520,5640,5520,5620,39848,0.008976660682226134
2021-06-11,5630,5640,5530,5530,56519,-0.016014234875444844
2021-06-14,5520,5550,5410,5420,66391,-0.019891500904159143
2021-06-15,5430,5520,5410,5460,50674,0.007380073800737907
2021-06-16,5460,5490,5420,5470,34544,0.001831501831501825
2021-06-17,5460,5460,5290,5290,138504,-0.03290676416819016
2021-06-18,5300,5380,5290,5340,72464,0.00945179584120992
2021-06-21,5340,5360,5260,5290,75084,-0.009363295880149836
2021-06-22,5300,5350,5280,5350,47575,0.011342155009451904
2021-06-23,5370,5380,5270,5300,71285,-0.009345794392523366
2021-06-24,5300,5300,5200,5210,68763,-0.016981132075471694
2021-06-25,5170,5190,5020,5080,133846,-0.0249520153550864
2021-06-28,5080,5080,4805,4830,306604,-0.049212598425196874
2021-06-29,4865,4865,4770,4780,126403,-0.010351966873705987
2021-06-30,4820,4855,4720,4850,81550,0.014644351464435212
2021-07-01,4880,4955,4875,4910,67084,0.012371134020618513
2021-07-02,4970,4985,4880,4895,52195,-0.003054989816700604
2021-07-05,4935,4970,4895,4960,62733,0.013278855975485282
2021-07-06,5000,5000,4915,4980,39539,0.0040322580645162365
2021-07-07,4980,5050,4920,4925,48172,-0.011044176706827336
2021-07-08,4950,4970,4780,4850,74328,-0.015228426395939132
2021-07-09,4820,4820,4615,4695,107267,-0.031958762886597936
2021-07-12,4675,4780,4655,4760,45652,0.013844515441959526
2021-07-13,4775,4930,4760,4920,65233,0.03361344537815136
2021-07-14,4990,4990,4890,4890,49976,-0.0060975609756097615
2021-07-15,4920,5100,4905,5050,187088,0.0327198364008181
2021-07-16,5050,5050,4920,4985,42089,-0.012871287128712883
2021-07-19,4985,5010,4865,4880,39651,-0.02106318956870612
2021-07-20,4875,4875,4775,4850,45277,-0.006147540983606592
2021-07-21,4850,4850,4730,4770,51993,-0.016494845360824795
2021-07-22,4720,4880,4720,4795,35334,0.00524109014675056
2021-07-23,4795,4865,4790,4860,32691,0.01355578727841511
2021-07-26,4860,4885,4745,4785,49422,-0.015432098765432056
2021-07-27,4770,4855,4720,4825,42977,0.008359456635318674
2021-07-28,4825,4825,4665,4715,61113,-0.022797927461139844
2021-07-29,4715,4765,4665,4675,39687,-0.008483563096500557
2021-07-30,4720,4720,4505,4535,68450,-0.029946524064171087
2021-08-02,4535,5890,4435,5180,7226018,0.1422271223814775
2021-08-03,5330,5370,5060,5180,876499,0.0
2021-08-04,5210,5230,5030,5130,345647,-0.009652509652509633
2021-08-05,5100,5130,4995,5120,270304,-0.0019493177387914784
2021-08-06,5120,5190,5030,5060,328255,-0.01171875
2021-08-09,5050,5160,4985,5090,292577,0.005928853754940677
2021-08-10,5070,5070,4870,4880,236428,-0.04125736738703345
2021-08-11,4815,4930,4730,4780,171049,-0.020491803278688492
2021-08-12,4780,5770,4775,5270,5019669,0.10251046025104604
2021-08-13,5210,5210,4955,5100,594866,-0.032258064516129004
2021-08-17,5000,5020,4725,4725,365625,-0.07352941176470584
2021-08-18,4655,4790,4620,4695,149684,-0.006349206349206327
2021-08-19,4660,4705,4450,4455,239096,-0.051118210862619806
2021-08-20,4460,4740,4425,4510,189066,0.012345679012345734
2021-08-23,4510,4530,4400,4505,101681,-0.0011086474501108556
2021-08-24,4525,4600,4475,4570,96210,0.01442841287458374
2021-08-25,4570,4865,4530,4830,401220,0.05689277899343548
2021-08-26,4830,4940,4680,4800,131217,-0.006211180124223614
2021-08-27,4695,4800,4660,4795,78307,-0.0010416666666667185
2021-08-30,4795,4895,4685,4745,76863,-0.010427528675703845
2021-08-31,4745,4780,4665,4735,81570,-0.0021074815595363283
2021-09-01,4700,4740,4650,4690,74665,-0.009503695881731833
2021-09-02,4675,4730,4575,4585,96530,-0.02238805970149249
2021-09-03,4605,4720,4595,4660,68732,0.016357688113413316
2021-09-06,4665,4790,4655,4755,111793,0.020386266094420513
2021-09-07,4800,4880,4710,4765,123781,0.002103049421661396
2021-09-08,4765,4765,4590,4590,133225,-0.036726128016789095
2021-09-09,4575,4580,4420,4470,140579,-0.02614379084967322
2021-09-10,4470,4555,4430,4545,56496,0.016778523489932917
2021-09-13,4555,4555,4410,4435,52831,-0.024202420242024236
2021-09-14,4435,4505,4435,4475,26898,0.00901916572717032
2021-09-15,4495,4510,4425,4455,28880,-0.004469273743016755
2021-09-16,4460,4620,4455,4500,50913,0.010101010101010166
2021-09-17,4485,4525,4450,4490,40926,-0.0022222222222222365
2021-09-23,4490,4490,4310,4355,102491,-0.030066815144766168
2021-09-24,4335,4380,4300,4320,69634,-0.008036739380022917
2021-09-27,4270,4320,4220,4235,68864,-0.01967592592592593
2021-09-28,4215,4250,4080,4135,57211,-0.023612750885478206
2021-09-29,4005,4050,3975,4045,54135,-0.021765417170495738
2021-09-30,4005,4230,3795,4180,50579,0.03337453646477129
2021-10-01,4180,4180,4000,4060,57001,-0.028708133971291905
2021-10-05,4025,4065,3900,4015,72824,-0.011083743842364546
2021-10-06,3945,4850,3945,4550,1908220,0.1332503113325032
2021-10-07,4600,4775,4495,4715,484118,0.03626373626373636
2021-10-08,4690,4700,4420,4485,271419,-0.04878048780487809
2021-10-12,4430,4520,4330,4410,176959,-0.01672240802675584
2021-10-13,4385,4700,4325,4575,281819,0.03741496598639449
2021-10-14,4620,4960,4525,4615,242350,0.008743169398907069
2021-10-15,4780,4955,4500,4640,431366,0.005417118093174356
2021-10-18,4705,5380,4660,5140,1963233,0.10775862068965525
2021-10-19,5030,5100,4760,4920,605720,-0.04280155642023342
2021-10-20,5050,5100,4745,4785,323948,-0.027439024390243927
2021-10-21,4785,4785,4480,4495,290728,-0.06060606060606055
2021-10-22,4470,4575,4400,4535,126445,0.008898776418242438
2021-10-25,4480,4520,4400,4465,97968,-0.015435501653803696
2021-10-26,4460,4605,4460,4550,76667,0.01903695408734607
2021-10-27,4550,4550,4415,4480,65360,-0.01538461538461533
2021-10-28,4500,4725,4500,4625,215713,0.0323660714285714
2021-10-29,4640,4705,4515,4645,92366,0.00432432432432428
2021-11-01,4605,4715,4580,4630,69469,-0.0032292787944026013
2021-11-02,4655,4695,4515,4570,81452,-0.01295896328293733
2021-11-03,4570,4690,4365,4395,127446,-0.03829321663019691
2021-11-04,4400,5100,4320,4815,1222388,0.0955631399317407
2021-11-05,4900,6200,4470,4645,9273086,-0.0353063343717549
2021-11-08,4635,5880,4545,5470,4182719,0.17761033369214219
2021-11-09,5410,5600,5210,5380,1295859,-0.01645338208409508
2021-11-10,5280,5290,4775,4935,969163,-0.08271375464684017
2021-11-11,4860,5020,4815,5020,426478,0.01722391084093222
2021-11-12,4880,5250,4860,5040,487996,0.003984063745019917
2021-11-15,5100,5230,4935,5060,605433,0.003968253968253954
2021-11-16,5070,5150,4895,4975,357942,-0.01679841897233203
2021-11-17,5010,5010,4635,4870,355637,-0.021105527638190957
2021-11-18,4815,4840,4650,4760,202819,-0.022587268993839782
2021-11-19,4795,4955,4745,4875,204080,0.024159663865546133
2021-11-22,4890,5060,4720,4985,315103,0.022564102564102573
2021-11-23,5070,5070,4775,4795,200196,-0.03811434302908723
2021-11-24,4790,4790,4575,4625,233906,-0.035453597497393075
2021-11-25,4585,4720,4450,4515,155326,-0.023783783783783763
2021-11-26,4460,4650,4450,4505,93460,-0.0022148394241418012
2021-11-29,4735,4850,4490,4560,337869,0.01220865704772467
2021-11-30,4690,4735,4345,4415,247812,-0.0317982456140351
2021-12-01,4355,4600,4310,4475,125678,0.013590033975084959
2021-12-02,4450,4500,4340,4500,107904,0.005586592178770999
2021-12-03,4545,4595,4495,4590,75582,0.020000000000000018
2021-12-06,4680,4850,4595,4750,373229,0.034858387799564294
2021-12-07,4800,4820,4640,4760,112611,0.002105263157894832
2021-12-08,4760,4815,4715,4750,105474,-0.0021008403361344463
2021-12-09,4910,4910,4750,4835,162301,0.017894736842105186
2021-12-10,4815,4870,4760,4840,101804,0.0010341261633919352
2021-12-13,4815,4915,4795,4845,87484,0.0010330578512396382
2021-12-14,4795,4845,4750,4800,74354,-0.009287925696594423
2021-12-15,4800,4840,4720,4800,75157,0.0
2021-12-16,4810,4895,4720,4770,61741,-0.006249999999999978
2021-12-17,4745,4960,4690,4880,238362,0.023060796645702375
2021-12-20,4870,4920,4725,4760,111023,-0.024590163934426257
2021-12-21,4715,4745,4495,4620,75635,-0.02941176470588236
2021-12-22,4630,4815,4630,4665,90017,0.009740259740259827
2021-12-23,4665,4845,4630,4770,110983,0.022508038585209
2021-12-24,4840,4885,4705,4850,144918,0.016771488469601747
2021-12-27,4870,5250,4870,5170,826417,0.06597938144329896
2021-12-28,5330,6720,5230,5980,11029094,0.15667311411992269
2021-12-29,5920,6080,5860,5930,1198711,-0.00836120401337792
2021-12-30,5930,6160,5890,5990,1461060,0.010118043844856706
2022-01-03,6010,6040,5400,5610,1277211,-0.06343906510851416
2022-01-04,5720,7290,5630,7290,7602662,0.2994652406417113
2022-01-05,8050,9470,8020,9470,9048607,0.2990397805212619
2022-01-06,10800,10950,8300,8780,8167880,-0.07286166842661035
2022-01-07,8820,9670,8000,9300,7601519,0.059225512528473745
2022-01-10,9250,11500,8800,9410,6527517,0.011827956989247213
2022-01-11,9050,9800,8700,9070,2337805,-0.03613177470775775
2022-01-12,8830,9220,8540,9150,1175299,0.008820286659316334
2022-01-13,9150,9600,8750,8980,1343282,-0.01857923497267755
2022-01-14,8900,9120,8060,8380,1329240,-0.06681514476614703
2022-01-17,8310,8600,7830,7950,1246628,-0.051312649164677815
2022-01-18,8250,8570,7370,7440,1794463,-0.0641509433962264
2022-01-19,7170,7500,6990,7240,988858,-0.026881720430107503
2022-01-20,7240,7450,7030,7370,573535,0.017955801104972302
2022-01-21,7180,7430,7050,7170,455156,-0.027137042062415184
2022-01-24,7090,7090,6390,6440,1060619,-0.101813110181311
2022-01-25,6560,6820,6240,6430,1061759,-0.0015527950310558758
2022-01-26,6330,6820,6250,6450,655287,0.0031104199066873672
2022-01-27,6340,6750,6200,6270,480682,-0.027906976744186074
2022-01-28,6340,6470,5980,6460,434214,0.030303030303030276
2022-02-03,6600,6700,6410,6450,507164,-0.001547987616099089
2022-02-04,6380,6380,5830,5960,889849,-0.07596899224806197
2022-02-07,6000,6040,5770,5920,345421,-0.006711409395973145
2022-02-08,5940,5980,5700,5790,243677,-0.02195945945945943
2022-02-09,5820,6090,5790,6040,351276,0.04317789291882557
2022-02-10,5950,6190,5750,5760,762098,-0.04635761589403975
2022-02-11,5650,5740,5440,5480,391100,-0.04861111111111116
2022-02-14,5330,5450,5130,5190,319755,-0.0529197080291971
2022-02-15,5200,5240,4910,4955,305451,-0.045279383429672415
2022-02-16,5050,5120,5000,5070,186902,0.023208879919273562
2022-02-17,5080,5390,4950,5080,343397,0.0019723865877712132
2022-02-18,4910,5110,4880,5060,162006,-0.003937007874015741
2022-02-21,5090,5090,4945,5040,131134,-0.0039525691699604515
2022-02-22,4920,4985,4745,4785,269162,-0.05059523809523814
2022-02-23,4840,4870,4745,4800,144949,0.0031347962382444194
2022-02-24,4700,4740,4390,4420,443127,-0.07916666666666672
2022-02-25,4570,4570,4285,4385,325533,-0.007918552036199067
2022-02-28,4550,4550,4305,4370,243387,-0.0034207525655644
2022-03-02,4370,4535,4310,4470,185120,0.022883295194507935
2022-03-03,4505,4740,4495,4720,374410,0.055928411633109576
2022-03-04,4700,4700,4545,4630,151235,-0.01906779661016944
2022-03-07,4610,4620,4410,4480,125086,-0.03239740820734338
2022-03-08,4400,4500,4280,4395,129052,-0.0189732142857143
2022-03-10,4500,4500,4335,4355,153832,-0.009101251422070522
2022-03-11,4360,4475,4345,4405,118646,0.01148105625717566
2022-03-14,4400,4440,4160,4225,227266,-0.04086265607264472
2022-03-15,4275,4345,4095,4180,138109,-0.010650887573964485
2022-03-16,4280,4390,4195,4280,133873,0.02392344497607657
2022-03-17,4355,4485,4325,4415,180737,0.031542056074766345
2022-03-18,4415,5110,4340,4735,3914626,0.07248018120045296
2022-03-21,4735,4795,4645,4685,475470,-0.010559662090813049
2022-03-22,4685,4685,4500,4590,438899,-0.02027748132337248
2022-03-23,4620,4785,4565,4695,412444,0.02287581699346397
2022-03-24,4735,4735,4560,4600,230758,-0.020234291799786974
2022-03-25,4640,4810,4640,4655,273259,0.011956521739130421
2022-03-28,4685,4775,4615,4625,217225,-0.0064446831364124435
2022-03-29,4710,4855,4660,4745,382111,0.025945945945945903
2022-03-30,4800,4865,4645,4680,307099,-0.013698630136986356
2022-03-31,4680,4740,4575,4705,155696,0.005341880341880323
2022-04-01,4720,4720,4590,4665,118860,-0.008501594048884176
2022-04-04,4665,4700,4580,4695,135449,0.006430868167202508
2022-04-05,4705,4765,4645,4660,121338,-0.007454739084132078
2022-04-06,4690,4690,4505,4510,206915,-0.03218884120171672
2022-04-07,4490,4490,4270,4320,266617,-0.04212860310421285
2022-04-08,4335,4540,4335,4485,121906,0.03819444444444442
2022-04-11,4490,4575,4345,4500,189966,0.0033444816053511683
2022-04-12,4495,4510,4340,4510,112129,0.0022222222222221255
2022-04-13,4465,4605,4450,4600,150434,0.019955654101995624
2022-04-14,4600,4655,4525,4560,117115,-0.008695652173912993
2022-04-15,4570,4570,4475,4535,53820,-0.005482456140350922
2022-04-18,4600,4600,4440,4490,65248,-0.009922822491730932
2022-04-19,4490,4630,4445,4560,125724,0.015590200445434244
2022-04-20,4615,4615,4500,4520,66233,-0.00877192982456143
2022-04-21,4515,4515,4420,4500,76163,-0.004424778761061954
2022-04-22,4500,4500,4335,4375,119246,-0.02777777777777779
2022-04-25,4290,4295,4175,4200,160047,-0.040000000000000036
2022-04-26,4200,4250,4150,4220,79220,0.004761904761904745
2022-04-27,4085,4200,4050,4200,112406,-0.004739336492891044
2022-04-28,4205,4205,3990,4045,205268,-0.036904761904761885
2022-04-29,4020,4130,4020,4130,86829,0.021013597033374465
2022-05-02,4125,4130,4015,4070,87763,-0.014527845036319653
2022-05-03,4060,4185,4060,4100,116028,0.0073710073710073765
2022-05-04,4115,4120,4030,4070,62061,-0.007317073170731714
2022-05-06,4020,4070,3970,3990,103409,-0.019656019656019708
2022-05-09,3975,3975,3840,3870,162555,-0.03007518796992481
2022-05-10,3750,4065,3620,4050,211829,0.04651162790697683
2022-05-11,4070,4070,3965,4015,57227,-0.00864197530864197
2022-05-12,4000,4090,3840,3855,218004,-0.03985056039850565
2022-05-13,3855,3930,3685,3820,213114,-0.009079118028534339
2022-05-16,3820,3905,3795,3830,54147,0.002617801047120505
2022-05-17,3890,3890,3750,3785,64955,-0.011749347258485643
2022-05-18,3855,3925,3810,3845,48936,0.01585204755614278
2022-05-19,3750,3800,3705,3795,66495,-0.013003901170351106
2022-05-20,3795,3845,3740,3770,55864,-0.006587615283267456
2022-05-23,3770,3920,3730,3850,102552,0.021220159151193574
2022-05-24,3885,3885,3725,3725,79325,-0.03246753246753242
2022-05-25,3725,3825,3675,3795,73120,0.01879194630872494
2022-05-26,3820,4700,3820,4225,5030666,0.1133069828722002
2022-05-27,4215,4230,4020,4030,517700,-0.0461538461538461
2022-05-30,4050,4055,3950,4010,216962,-0.00496277915632759
2022-05-31,4025,4120,3995,4050,245817,0.009975062344139696
2022-06-02,4055,4070,3980,4025,177390,-0.006172839506172867
2022-06-03,4030,4085,4000,4025,95066,0.0
2022-06-07,4025,4055,3925,3970,138000,-0.013664596273291973
2022-06-08,3950,4025,3930,4020,92113,0.012594458438287104
2022-06-09,4005,4020,3875,3910,149874,-0.027363184079602032
2022-06-10,3910,3930,3805,3850,155347,-0.01534526854219953
2022-06-13,3800,3805,3635,3650,165072,-0.051948051948051965
2022-06-14,3545,3650,3465,3565,146337,-0.023287671232876672
2022-06-15,3455,3550,3270,3330,211556,-0.06591865357643756
2022-06-16,3335,3595,3335,3420,167700,0.027027027027026973
2022-06-17,3330,3395,3185,3335,128495,-0.024853801169590684
2022-06-20,3355,3380,3070,3095,168881,-0.07196401799100449
2022-06-21,3170,3205,3050,3190,108560,0.030694668820678617
2022-06-22,3225,3225,2955,2980,128302,-0.0658307210031348
2022-06-23,2955,2980,2775,2780,149160,-0.06711409395973156
2022-06-24,2780,2920,2760,2910,64742,0.046762589928057485
2022-06-27,2975,3080,2850,3050,106295,0.04810996563573888
2022-06-28,3105,3105,3000,3040,49780,-0.003278688524590123
2022-06-29,3040,3080,2970,3060,67981,0.006578947368421018
2022-06-30,3070,3120,2935,2935,65945,-0.040849673202614345
2022-07-01,2930,2975,2805,2860,61749,-0.02555366269165249
2022-07-04,2850,2890,2735,2875,58432,0.005244755244755206
2022-07-05,2875,3245,2825,3055,312711,0.06260869565217386
2022-07-06,3065,3200,2970,3055,169801,0.0
2022-07-07,3060,3180,3020,3055,44584,0.0
2022-07-08,3075,3140,3050,3080,75161,0.008183306055646433
2022-07-11,3120,3500,3105,3410,426644,0.1071428571428572
2022-07-12,3410,3915,3370,3800,1199274,0.11436950146627556
2022-07-13,3615,3915,3615,3810,359962,0.002631578947368318
2022-07-14,3800,3875,3705,3820,140721,0.002624671916010568
2022-07-15,3795,3860,3710,3710,76910,-0.028795811518324554
2022-07-18,3680,3790,3510,3625,93620,-0.022911051212938016
2022-07-19,3645,3750,3585,3750,61979,0.034482758620689724
2022-07-20,3760,3815,3640,3720,83151,-0.008000000000000007
2022-07-21,3720,3720,3620,3635,38847,-0.022849462365591378
2022-07-22,3650,3670,3545,3555,51875,-0.022008253094910613
2022-07-25,3700,3700,3475,3480,34409,-0.021097046413502074
2022-07-26,3525,3555,3450,3485,21724,0.001436781609195359
2022-07-27,3450,3550,3265,3480,60198,-0.0014347202295552641
2022-07-28,3480,3570,3450,3520,37057,0.011494252873563315
2022-07-29,3510,3600,3510,3540,59943,0.005681818181818121
2022-08-01,3535,3610,3415,3515,35380,-0.007062146892655385
2022-08-02,3535,3535,3410,3520,27018,0.0014224751066855834
2022-08-03,3510,3580,3455,3455,47771,-0.01846590909090906
2022-08-04,3490,4490,3490,4490,8279584,0.29956584659913177
2022-08-05,4455,4530,4010,4110,3382359,-0.08463251670378624
2022-08-08,4070,4155,3980,4055,782036,-0.01338199513381999
2022-08-09,4025,4110,3855,4110,648747,0.013563501849568338
2022-08-10,4115,4260,4035,4130,1083641,0.0048661800486617945
2022-08-11,4170,5200,4050,4595,11400446,0.11259079903147695
2022-08-12,4495,4765,4310,4420,2266739,-0.0380848748639826
2022-08-16,4425,4850,4340,4565,2566841,0.0328054298642535
2022-08-17,4565,4565,4350,4370,505320,-0.042716319824753546
2022-08-18,4500,4880,4450,4470,1907435,0.022883295194507935
2022-08-19,4460,4765,4335,4625,1106679,0.034675615212528044
2022-08-22,4560,4560,4300,4300,407143,-0.07027027027027022
2022-08-23,4200,4235,4090,4135,313921,-0.03837209302325584
2022-08-24,4110,4260,4055,4125,182913,-0.00241837968561065
2022-08-25,4135,4290,4115,4255,208765,0.031515151515151496
2022-08-26,4255,4305,4155,4220,186121,-0.008225616921269108
2022-08-29,3990,4020,3915,3970,288035,-0.05924170616113744
2022-08-30,3935,4030,3930,3935,208886,-0.008816120906801062
2022-08-31,3905,3935,3755,3865,203892,-0.017789072426937724
2022-09-01,3860,3860,3625,3655,250892,-0.05433376455368688
2022-09-02,3655,3775,3620,3675,282684,0.00547195622435015
2022-09-05,3700,4295,3650,3820,3707617,0.039455782312925125
2022-09-06,3825,3825,3570,3625,1100526,-0.05104712041884818
2022-09-07,3655,3655,3490,3495,254346,-0.035862068965517246
2022-09-08,3525,3540,3265,3280,324859,-0.061516452074391936
2022-09-13,3330,3335,3115,3220,500424,-0.018292682926829285
2022-09-14,3095,3170,3035,3120,209720,-0.03105590062111796
2022-09-15,3120,3395,3050,3080,365674,-0.012820512820512775
2022-09-16,3075,3105,3025,3050,87403,-0.009740259740259716
2022-09-19,3130,3160,2970,3005,126906,-0.014754098360655776
2022-09-20,3005,3090,2995,3070,72292,0.021630615640598982
2022-09-21,3040,3100,3005,3075,70697,0.0016286644951140072
2022-09-22,3070,3070,2960,3005,62559,-0.02276422764227637
2022-09-23,3045,3045,2820,2820,125191,-0.061564059900166335
2022-09-26,2820,2835,2670,2735,126618,-0.03014184397163122
2022-09-27,2780,2790,2600,2785,102431,0.018281535648994485
2022-09-28,2785,2825,2630,2735,73906,-0.01795332136445238
2022-09-29,2705,2980,2705,2840,248727,0.03839122486288837
2022-09-30,2750,2820,2670,2715,106756,-0.04401408450704225
2022-10-04,2730,2820,2730,2820,36410,0.03867403314917128
2022-10-05,2870,2900,2765,2765,62840,-0.019503546099290725
2022-10-06,2765,2925,2745,2895,82987,0.047016274864376095
2022-10-07,2895,2920,2850,2855,50466,-0.013816925734024155
2022-10-11,2850,2900,2700,2740,88400,-0.04028021015761818
2022-10-12,2700,2835,2650,2790,48135,0.018248175182481674
2022-10-13,2790,2800,2620,2690,42730,-0.03584229390681004
2022-10-14,2690,2795,2690,2765,49769,0.027881040892193232
2022-10-17,2755,2890,2700,2790,63127,0.009041591320072317
2022-10-18,2825,2905,2800,2905,169327,0.04121863799283143
2022-10-19,2920,2930,2815,2850,87799,-0.018932874354561147
2022-10-20,2845,2880,2735,2760,64816,-0.03157894736842104
2022-10-21,2755,2765,2670,2685,69668,-0.02717391304347827
2022-10-24,2685,2740,2655,2665,89091,-0.007448789571694592
2022-10-25,2690,2690,2540,2600,135504,-0.024390243902439046
2022-10-26,2600,2600,2400,2460,216176,-0.05384615384615388
2022-10-27,2460,2545,2460,2510,65915,0.020325203252032464
2022-10-28,2550,2550,2430,2445,41564,-0.02589641434262946
2022-10-31,2460,2490,2290,2330,210282,-0.04703476482617586
2022-11-01,2365,2365,2290,2335,182667,0.0021459227467810482
2022-11-02,2320,2335,2160,2235,621372,-0.04282655246252676
2022-11-03,2235,2240,2105,2105,298015,-0.058165548098433995
2022-11-04,2105,2110,2020,2040,166523,-0.030878859857482177
2022-11-07,2050,2090,2045,2090,115359,0.02450980392156854
2022-11-08,2110,2160,2095,2140,94561,0.02392344497607657
2022-11-09,2145,2195,2145,2180,85030,0.01869158878504673
2022-11-10,2190,2190,2130,2150,56242,-0.013761467889908285
2022-11-11,2185,2230,2175,2220,83823,0.032558139534883734
2022-11-14,2265,2315,2210,2310,127254,0.04054054054054057
2022-11-15,2415,2415,2290,2380,345410,0.030303030303030276
2022-11-16,2395,2395,2310,2395,141931,0.006302521008403339
2022-11-17,2420,2445,2340,2390,163972,-0.0020876826722338038
2022-11-18,2390,2405,2350,2355,99772,-0.014644351464435101
2022-11-21,2365,2370,2130,2345,137242,-0.00424628450106157
2022-11-22,2285,2375,2285,2330,83595,-0.006396588486140775
2022-11-23,2390,2415,2330,2370,68439,0.01716738197424883
2022-11-24,2395,2540,2390,2540,324718,0.07172995780590719
2022-11-25,2635,2725,2405,2630,489612,0.03543307086614167
2022-11-28,2630,2645,2515,2605,203254,-0.009505703422053258
2022-11-29,2535,2670,2535,2640,155472,0.013435700575815668
2022-11-30,2650,2900,2610,2900,343997,0.0984848484848484
2022-12-01,2990,2990,2700,2750,411764,-0.051724137931034475
2022-12-02,2725,2980,2495,2610,303516,-0.050909090909090904
2022-12-05,2605,2660,2575,2615,82490,0.0019157088122605526
2022-12-06,2615,2840,2545,2815,273763,0.07648183556405352
2022-12-07,2770,2845,2670,2700,197213,-0.04085257548845467
2022-12-08,2700,2700,2575,2650,106577,-0.01851851851851849
2022-12-09,2645,2730,2615,2675,91132,0.009433962264151052
2022-12-12,2685,2800,2660,2670,167949,-0.0018691588785046953
2022-12-13,2660,2745,2625,2725,93607,0.020599250936329527
2022-12-14,2700,2870,2700,2780,174860,0.020183486238532167
2022-12-15,2780,2810,2690,2720,70817,-0.021582733812949617
2022-12-16,2720,2720,2615,2640,65966,-0.02941176470588236
2022-12-19,2640,2650,2585,2630,55940,-0.0037878787878787845
2022-12-20,2615,2620,2355,2460,104327,-0.06463878326996197
2022-12-21,2460,2570,2460,2500,43997,0.016260162601626105
2022-12-22,2480,2550,2470,2475,36208,-0.010000000000000009
2022-12-23,2475,2495,2350,2355,56045,-0.048484848484848464
2022-12-26,2340,2510,2290,2425,97916,0.02972399150743099
2022-12-27,2420,2460,2240,2340,55585,-0.035051546391752564
2022-12-28,2360,2435,2350,2400,37441,0.02564102564102555
2022-12-29,2395,2530,2275,2310,42165,-0.03749999999999998
2023-01-02,2310,2385,2215,2270,98933,-0.017316017316017285
2023-01-03,2270,2345,2165,2345,56742,0.033039647577092435
2023-01-04,2285,2430,2245,2355,48383,0.004264392324093924
2023-01-05,2335,2825,2335,2445,1018985,0.03821656050955413
2023-01-06,2445,2645,2405,2580,179677,0.05521472392638027
2023-01-09,2650,2740,2640,2700,181658,0.04651162790697683
2023-01-10,2700,3000,2700,2880,834153,0.06666666666666665
2023-01-11,2905,3300,2835,3170,1477879,0.10069444444444442
2023-01-12,3180,3375,3145,3290,598521,0.03785488958990535
2023-01-13,3295,3355,3250,3310,164048,0.006079027355623046
2023-01-16,3315,3575,3215,3535,527183,0.0679758308157099
2023-01-17,3545,3695,3015,3140,964739,-0.11173974540311171
2023-01-18,3100,3100,2800,2855,670811,-0.09076433121019112
2023-01-19,2860,3200,2810,3120,795811,0.09281961471103317
2023-01-20,3120,3120,2935,3020,188406,-0.03205128205128205
2023-01-25,3020,3165,2975,3100,194304,0.026490066225165476
2023-01-26,3100,3165,3020,3060,189351,-0.012903225806451646
2023-01-27,3060,3515,2995,3320,1859538,0.08496732026143783
2023-01-30,3320,3500,3240,3265,394034,-0.016566265060240948
2023-01-31,3265,3380,3150,3380,193170,0.03522205206738138
2023-02-01,3345,3345,3165,3165,232121,-0.06360946745562135
2023-02-02,3175,3250,3050,3105,170968,-0.018957345971563955
2023-02-03,3145,3145,3000,3025,135800,-0.025764895330112725
2023-02-06,3025,3100,3015,3060,63666,0.011570247933884392
2023-02-07,3080,3080,2970,3000,129693,-0.019607843137254943
2023-02-08,3010,3370,3010,3240,914801,0.08000000000000007
2023-02-09,3255,3965,3250,3795,4390155,0.17129629629629628
2023-02-10,3780,3810,3510,3580,788481,-0.0566534914361001
2023-02-13,3615,4140,3500,3845,4552592,0.07402234636871508
2023-02-14,3850,3875,3645,3660,788623,-0.04811443433029905
2023-02-15,3660,3660,3455,3520,419717,-0.03825136612021862
2023-02-16,3505,3545,3350,3500,226698,-0.005681818181818232
2023-02-17,3410,3465,3320,3460,179486,-0.011428571428571455
2023-02-20,3460,3610,3400,3550,246305,0.026011560693641522
2023-02-21,3610,3710,3570,3685,253554,0.038028169014084456
2023-02-22,3670,3730,3575,3680,174671,-0.0013568521031207537
2023-02-23,3680,3945,3680,3740,935568,0.016304347826086918
2023-02-24,3735,3735,3555,3620,362804,-0.03208556149732622
2023-02-27,3505,3845,3505,3655,379036,0.00966850828729271
2023-02-28,3655,3750,3560,3575,190042,-0.02188782489740082
2023-03-02,3745,3750,3565,3565,265175,-0.002797202797202747
2023-03-03,3570,3875,3530,3845,844685,0.0785413744740533
2023-03-06,3845,4010,3720,3905,611206,0.015604681404421283
2023-03-07,3905,4065,3810,4020,475256,0.0294494238156211
2023-03-08,4010,4095,3850,3855,403096,-0.04104477611940294
2023-03-09,3985,4085,3910,3935,436246,0.02075226977950706
2023-03-10,3900,3920,3730,3820,179283,-0.029224904701397714
2023-03-13,3785,3990,3750,3965,259497,0.03795811518324599
2023-03-14,3965,4040,3820,3865,244602,-0.02522068095838592
2023-03-15,3870,4150,3870,4050,379876,0.047865459249676556
2023-03-16,3980,4075,3545,3730,640783,-0.07901234567901239
2023-03-17,3730,3980,3730,3875,291041,0.03887399463806962
2023-03-20,4030,4090,3850,3895,257659,0.005161290322580614
2023-03-21,3895,4000,3855,3970,126722,0.019255455712451797
2023-03-22,3970,4010,3890,3930,136443,-0.010075566750629705
2023-03-23,3875,4020,3865,3945,286042,0.003816793893129722
2023-03-24,3910,4340,3910,4175,933705,0.0583016476552598
2023-03-27,4240,4410,4175,4375,528384,0.0479041916167664
2023-03-28,4300,4620,4240,4550,674072,0.040000000000000036
2023-03-29,4640,4725,4480,4725,392674,0.03846153846153855
2023-03-30,4800,5640,4725,5530,1587861,0.17037037037037028
2023-03-31,6400,7180,6100,7180,5439869,0.2983725135623869
2023-04-03,8860,9330,8150,9330,3359019,0.29944289693593307
2023-04-04,9690,11860,7980,8340,5500142,-0.1061093247588425
2023-04-05,8530,9920,7910,9110,3035557,0.09232613908872911
2023-04-06,9400,10800,8670,9750,3093485,0.07025246981339195
2023-04-07,9460,10900,9450,10240,1572355,0.050256410256410255
2023-04-10,10850,13310,10330,13310,3089596,0.2998046875
2023-04-11,14640,15950,13590,15400,3541782,0.15702479338842967
2023-04-12,0,0,0,15400,0,0.0
2023-04-13,15610,17530,13410,15000,3219763,-0.025974025974025983
2023-04-14,14450,15800,14060,15080,932582,0.005333333333333412
2023-04-17,15670,19600,15180,19600,2121977,0.29973474801061006
2023-04-18,23250,25450,21200,22700,4422562,0.15816326530612246
2023-04-19,22750,23950,21150,22750,1395499,0.0022026431718060735
2023-04-20,0,0,0,22750,0,0.0
2023-04-21,25100,29450,22900,26000,2456258,0.1428571428571428
2023-04-24,24200,27000,22400,26700,1026926,0.026923076923076827
2023-04-25,26100,27450,24400,25500,444765,-0.0449438202247191
2023-04-26,23450,24500,19760,19760,742971,-0.22509803921568627
2023-04-27,19200,21400,17340,20350,1468231,0.029858299595141746
2023-04-28,21350,21900,18590,19000,669964,-0.06633906633906639
2023-05-02,19210,20950,18310,18600,328515,-0.021052631578947323
2023-05-03,19360,20300,18260,19310,370385,0.03817204301075261
2023-05-04,19230,20200,18350,20200,232798,0.04609010875194208
2023-05-08,20450,26250,19950,24350,2356681,0.2054455445544554
2023-05-09,25250,25300,23100,25050,605362,0.028747433264887157
2023-05-10,24700,25250,23850,24400,271193,-0.02594810379241519
2023-05-11,23900,24950,19150,21100,673197,-0.13524590163934425
2023-05-12,21400,24700,21400,22750,436336,0.0781990521327014
2023-05-15,22100,24100,21850,23350,197203,0.02637362637362628
2023-05-16,23700,23950,22600,23500,212334,0.0064239828693790635
2023-05-17,24100,26800,23300,26100,1063719,0.11063829787234036
2023-05-18,25250,26200,19500,19910,1786367,-0.2371647509578544
2023-05-19,20450,22800,18320,20800,1822081,0.044701155198392684
2023-05-22,19900,22850,19270,21000,642404,0.009615384615384581
2023-05-23,21500,23500,21250,22850,766263,0.088095238095238
2023-05-24,22400,23250,22050,22600,388989,-0.01094091903719907
2023-05-25,22900,25150,22300,25000,719251,0.10619469026548667
2023-05-26,24550,27650,23100,23600,859135,-0.05600000000000005
2023-05-30,23550,23600,19890,20000,1059145,-0.15254237288135597
2023-05-31,22800,24600,21350,23650,1532791,0.1825000000000001
2023-06-01,23700,24700,21750,23800,979461,0.00634249471458781
2023-06-02,23700,24500,22100,22850,745038,-0.03991596638655459
2023-06-05,21800,23950,21400,22950,915426,0.004376367614879584
2023-06-07,23300,23300,22400,22500,244246,-0.019607843137254943
2023-06-08,22400,22400,21250,21250,240577,-0.05555555555555558
2023-06-09,21650,21850,21050,21250,255412,0.0
2023-06-12,23500,25500,21950,22000,825296,0.03529411764705892
2023-06-13,22000,22650,21300,21400,230115,-0.027272727272727226
2023-06-14,21050,22350,20850,21200,299663,-0.009345794392523366
2023-06-15,21300,22900,21000,22550,438120,0.06367924528301883
2023-06-16,22550,22650,21500,22400,225431,-0.006651884700665134
2023-06-19,22700,22850,20700,20950,522981,-0.0647321428571429
2023-06-20,20900,20900,19100,20000,506293,-0.04534606205250602
2023-06-21,19010,21500,19010,21300,673382,0.06499999999999995
2023-06-22,21100,21700,20200,20900,340657,-0.018779342723004744
2023-06-23,21250,21350,20500,20650,95681,-0.011961722488038284
2023-06-26,20650,20650,19960,20150,139921,-0.02421307506053272
2023-06-27,20150,20150,19380,19400,209010,-0.037220843672456594
2023-06-28,19250,19810,17380,18220,533499,-0.06082474226804124
2023-06-29,18220,18930,17810,18300,218580,0.004390779363337094
2023-06-30,18360,19460,18260,19220,142225,0.050273224043715814
2023-07-03,19480,20250,19220,19250,183847,0.0015608740894901274
2023-07-04,20000,20400,19450,20200,242864,0.049350649350649256
2023-07-05,20200,20250,19330,19350,154314,-0.04207920792079212
2023-07-06,19000,19100,17770,17950,243139,-0.07235142118863047
2023-07-07,18080,18300,16900,17390,192191,-0.031197771587743728
2023-07-10,17850,18290,17530,18020,141990,0.03622771707878081
2023-07-11,17860,17970,16900,16980,206385,-0.05771365149833518
2023-07-12,16410,16790,13530,14260,1188868,-0.16018845700824502
2023-07-13,14260,18530,13860,18530,1623524,0.2994389901823282
2023-07-14,19660,21500,16550,17720,2564613,-0.043712898003237965
2023-07-17,17720,17720,16700,16810,304619,-0.05135440180586903
2023-07-18,16900,20950,16830,19000,3185408,0.13027959547888157
2023-07-19,18800,18800,17250,17830,523143,-0.061578947368421066
2023-07-20,18030,18470,17140,17730,298604,-0.005608524957936067
2023-07-21,17300,17920,17180,17740,220444,0.0005640157924422518
2023-07-24,18300,18930,17660,18050,427180,0.01747463359639223
2023-07-25,17850,18270,17160,17180,202462,-0.04819944598337955
2023-07-26,17500,18230,15800,16460,523761,-0.04190919674039584
2023-07-27,16460,16460,15080,15200,312412,-0.07654921020656136
2023-07-28,14500,14940,12150,12870,1602816,-0.15328947368421053
2023-07-31,13290,14700,12450,12800,1474085,-0.00543900543900544
2023-08-01,12590,12800,11340,12570,1220642,-0.017968749999999978
2023-08-02,12430,12440,11550,12090,533862,-0.03818615751789978
2023-08-03,12070,12070,11410,11520,341403,-0.04714640198511166
2023-08-04,11230,11830,11100,11460,303416,-0.00520833333333337
2023-08-07,11390,11420,10650,10910,405359,-0.047993019197207665
2023-08-08,11000,12100,10860,11050,599071,0.012832263978001857
2023-08-09,10940,10940,9850,10450,429849,-0.05429864253393668
2023-08-10,12000,13190,11310,11310,1713378,0.08229665071770342
2023-08-11,11010,11190,10480,10840,295691,-0.04155614500442084
2023-08-14,10620,11040,10590,10620,156003,-0.020295202952029467
2023-08-16,10550,10620,9500,9940,248796,-0.064030131826742
2023-08-17,9800,10640,9800,10350,275275,0.041247484909456844
2023-08-18,10450,12250,9950,11280,702350,0.08985507246376812
2023-08-21,10930,11290,10500,11130,200108,-0.013297872340425565
2023-08-22,11130,11940,10800,11680,319894,0.04941599281221931
2023-08-23,11600,11680,11030,11080,233712,-0.05136986301369861
2023-08-24,11900,11900,11180,11320,159283,0.02166064981949467
2023-08-25,11150,11350,10610,10900,199317,-0.03710247349823326
2023-08-28,10900,11940,10500,11850,251768,0.08715596330275233
2023-08-29,11860,12670,10770,12400,605314,0.04641350210970474
2023-08-30,15180,16120,14410,16120,5274967,0.30000000000000004
2023-08-31,16860,17300,14340,16530,6666917,0.025434243176178706
2023-09-01,16030,16210,14740,14930,934431,-0.0967937084089534
2023-09-04,14100,14300,12510,12830,1217193,-0.14065639651707973
2023-09-05,13090,13100,12100,12380,632966,-0.03507404520654711
2023-09-06,12350,12500,12000,12060,405618,-0.02584814216478193
2023-09-07,11800,12100,11070,11350,520857,-0.05887230514096187
2023-09-08,11510,11650,10980,11050,299724,-0.026431718061673992
2023-09-11,10900,11000,10520,10740,215131,-0.028054298642533948
2023-09-12,10810,11400,10500,11290,311691,0.05121042830540046
2023-09-13,11440,11700,10540,10540,329298,-0.06643046944198405
2023-09-14,10720,10800,10500,10700,135240,0.015180265654648917
2023-09-15,10720,11010,10500,10620,151807,-0.00747663551401867
2023-09-18,10650,10900,9970,10860,407647,0.02259887005649719
2023-09-19,10700,10790,10060,10130,232535,-0.06721915285451197
2023-09-20,10020,10130,9830,9950,244694,-0.017769002961500524
2023-09-21,9830,9940,9360,9420,168629,-0.05326633165829142
2023-09-22,9300,9600,9080,9310,179761,-0.011677282377919318
2023-09-25,9320,9430,8960,9070,177875,-0.025778732545649885
2023-09-26,8700,9020,8690,8710,148175,-0.03969128996692395
2023-09-27,8700,9270,8560,9270,117445,0.06429391504018378
2023-10-04,9300,9310,8800,8800,121839,-0.05070118662351675
2023-10-05,9090,10280,8690,10070,418478,0.1443181818181818
2023-10-06,9910,10070,9710,9950,155399,-0.011916583912611745
2023-10-10,9960,9990,8500,8720,186655,-0.12361809045226135
2023-10-11,9090,9090,8700,8850,111880,0.014908256880733939
2023-10-12,8830,10130,8720,9340,321756,0.05536723163841817
2023-10-13,9780,10200,9350,10120,475096,0.08351177730192716
2023-10-16,10000,10000,9190,9260,160202,-0.08498023715415015
2023-10-17,9390,9600,8890,9160,141834,-0.010799136069114423
2023-10-18,9280,9810,9050,9390,169224,0.025109170305676942
2023-10-19,9130,9360,8940,9020,81290,-0.03940362087326943
2023-10-20,9020,9120,8240,8400,172302,-0.0687361419068736
2023-10-23,8220,8370,7000,7530,413540,-0.10357142857142854
2023-10-24,7700,7750,7060,7280,249148,-0.033200531208499307
2023-10-25,7360,7360,6640,6720,396002,-0.07692307692307687
2023-10-26,6400,6500,5960,6120,393253,-0.0892857142857143
2023-10-27,6080,6160,5330,5540,803954,-0.09477124183006536
2023-10-30,5560,5650,5170,5270,374110,-0.04873646209386284
2023-10-31,5310,5370,4910,5120,513478,-0.028462998102466774
2023-11-01,5060,5730,5060,5310,529389,0.037109375
2023-11-02,5350,5710,5330,5610,182590,0.05649717514124286
2023-11-03,5800,6760,5520,6600,1078770,0.17647058823529416
2023-11-06,6920,7280,6690,7130,630379,0.08030303030303032
2023-11-07,7140,7300,6820,7030,252352,-0.014025245441795287
2023-11-08,7180,7190,6700,6770,165460,-0.0369843527738265
2023-11-09,6770,6770,6390,6600,152822,-0.025110782865583436
2023-11-10,8570,8580,8040,8580,1187568,0.30000000000000004
2023-11-13,8530,9130,7800,8030,1553146,-0.0641025641025641
2023-11-14,8020,8370,7700,8000,337935,-0.0037359900373599153
2023-11-15,7980,8060,6900,7400,839091,-0.07499999999999996
2023-11-16,7250,7250,5400,5490,3990119,-0.25810810810810814
2023-11-17,5130,5370,4690,5020,2842754,-0.08561020036429867
2023-11-20,5140,6000,5090,5500,2517778,0.095617529880478
2023-11-21,5520,5530,5040,5140,832245,-0.06545454545454543
2023-11-22,5090,5100,4905,4950,536549,-0.03696498054474706
2023-11-23,4955,4955,4685,4765,849263,-0.03737373737373739
2023-11-24,4655,4705,4455,4455,735599,-0.06505771248688352
2023-11-27,4550,4555,4240,4330,489745,-0.02805836139169471
2023-11-28,4375,4530,3975,4140,978741,-0.04387990762124716
2023-11-29,4145,4145,3805,3970,732835,-0.04106280193236711
2023-11-30,3900,3970,3770,3895,694092,-0.018891687657430767
2023-12-01,3810,4475,3810,4350,2098882,0.11681643132220798
2023-12-04,4270,4300,3935,3945,579585,-0.09310344827586203
2023-12-05,3945,4140,3865,3910,373580,-0.008871989860583018
2023-12-06,3910,3910,3250,3690,935194,-0.05626598465473143
2023-12-07,3685,3685,3505,3505,294015,-0.050135501355013545
2023-12-08,3505,3635,3365,3570,345333,0.01854493580599148
2023-12-11,3635,3730,3540,3665,274268,0.026610644257702987
2023-12-12,3665,4250,3580,3920,1855070,0.06957708049113243
2023-12-13,3925,4260,3800,4045,906759,0.03188775510204089
2023-12-14,4085,4165,3830,3895,496483,-0.037082818294190356
2023-12-15,4000,4000,3810,3840,242582,-0.014120667522464658
2023-12-18,3825,3840,3675,3780,204769,-0.015625
2023-12-19,3870,3880,3780,3785,216904,0.001322751322751392
2023-12-20,3800,3855,3690,3730,206121,-0.014531043593130732
2023-12-21,3750,3750,3575,3585,251820,-0.03887399463806973
2023-12-22,3590,3675,3560,3585,140736,0.0
2023-12-26,3600,3620,3400,3410,193733,-0.04881450488145045
2023-12-27,3490,3670,3355,3650,249795,0.07038123167155419
2023-12-28,3650,3655,3515,3565,137630,-0.023287671232876672
2024-01-02,3565,3700,3530,3690,158371,0.035063113604488105
2024-01-03,3710,3735,3595,3595,149566,-0.0257452574525745
2024-01-04,3600,3650,3500,3520,112765,-0.020862308762169657
2024-01-05,3600,3600,3440,3470,108937,-0.014204545454545414
2024-01-08,3500,4470,3480,3925,3884084,0.13112391930835732
2024-01-09,4050,4195,3865,4160,1160833,0.05987261146496814
2024-01-10,4175,4175,3975,4070,510533,-0.02163461538461542
2024-01-11,4110,4125,3805,3890,479470,-0.04422604422604426
2024-01-12,3890,3935,3815,3825,232541,-0.016709511568123392
2024-01-15,3760,3790,3500,3530,469881,-0.0771241830065359
2024-01-16,3530,3610,3300,3320,448960,-0.059490084985835745
2024-01-17,3350,3385,3125,3170,259729,-0.04518072289156627
2024-01-18,3150,3220,3095,3100,189937,-0.02208201892744477
2024-01-19,3175,3240,2940,2965,461398,-0.04354838709677422
2024-01-22,0,0,0,2965,0,0.0
2024-01-23,0,0,0,2965,0,0.0
2024-01-24,0,0,0,2965,0,0.0
2024-01-25,0,0,0,2965,0,0.0
2024-01-26,0,0,0,2965,0,0.0
2024-01-29,0,0,0,2965,0,0.0
2024-01-30,0,0,0,2965,0,0.0
2024-01-31,0,0,0,2965,0,0.0
2024-02-01,0,0,0,2965,0,0.0
2024-02-02,0,0,0,2965,0,0.0
2024-02-05,0,0,0,2965,0,0.0
2024-02-06,0,0,0,2965,0,0.0
2024-02-07,0,0,0,2965,0,0.0
2024-02-08,0,0,0,2965,0,0.0
2024-02-13,0,0,0,2965,0,0.0
2024-02-14,0,0,0,2965,0,0.0
2024-02-15,0,0,0,2965,0,0.0
2024-02-16,0,0,0,2965,0,0.0
2024-02-19,0,0,0,2965,0,0.0
2024-02-20,0,0,0,2965,0,0.0
2024-02-21,0,0,0,2965,0,0.0
2024-02-22,0,0,0,2965,0,0.0
2024-02-23,0,0,0,2965,0,0.0
2024-02-26,0,0,0,2965,0,0.0
2024-02-27,0,0,0,2965,0,0.0
2024-02-28,0,0,0,2965,0,0.0
2024-02-29,0,0,0,2965,0,0.0
2024-03-04,0,0,0,2965,0,0.0
2024-03-05,0,0,0,2965,0,0.0
2024-03-06,0,0,0,2965,0,0.0
2024-03-07,0,0,0,2965,0,0.0
2024-03-08,0,0,0,2965,0,0.0
2024-03-11,0,0,0,2965,0,0.0
2024-03-12,0,0,0,2965,0,0.0
2024-03-13,0,0,0,2965,0,0.0
2024-03-14,0,0,0,2965,0,0.0
2024-03-15,0,0,0,2965,0,0.0
2024-03-18,0,0,0,2965,0,0.0
2024-03-19,0,0,0,2965,0,0.0
2024-03-20,0,0,0,2965,0,0.0
2024-03-21,0,0,0,2965,0,0.0
2024-03-22,0,0,0,2965,0,0.0
2024-03-25,0,0,0,2965,0,0.0
2024-03-26,0,0,0,2965,0,0.0
2024-03-27,0,0,0,2965,0,0.0
2024-03-28,0,0,0,2965,0,0.0
2024-03-29,0,0,0,2965,0,0.0
2024-04-01,0,0,0,2965,0,0.0
2024-04-02,0,0,0,2965,0,0.0
2024-04-03,0,0,0,2965,0,0.0
2024-04-04,0,0,0,2965,0,0.0
2024-04-05,0,0,0,2965,0,0.0
2024-04-08,0,0,0,2965,0,0.0
2024-04-09,0,0,0,2965,0,0.0
2024-04-11,0,0,0,2965,0,0.0
2024-04-12,0,0,0,2965,0,0.0
2024-04-15,0,0,0,2965,0,0.0
2024-04-16,0,0,0,2965,0,0.0
2024-04-17,0,0,0,2965,0,0.0
2024-04-18,0,0,0,2965,0,0.0
2024-04-19,0,0,0,2965,0,0.0
2024-04-22,0,0,0,2965,0,0.0
2024-04-23,0,0,0,2965,0,0.0
2024-04-24,0,0,0,2965,0,0.0
2024-04-25,0,0,0,2965,0,0.0
2024-04-26,0,0,0,2965,0,0.0
2024-04-29,0,0,0,2965,0,0.0
2024-04-30,0,0,0,2965,0,0.0
2024-05-02,0,0,0,2965,0,0.0
2024-05-03,0,0,0,2965,0,0.0
2024-05-07,0,0,0,2965,0,0.0
2024-05-08,0,0,0,2965,0,0.0
2024-05-09,0,0,0,2965,0,0.0
2024-05-10,0,0,0,2965,0,0.0
2024-05-13,0,0,0,2965,0,0.0
2024-05-14,0,0,0,2965,0,0.0
2024-05-16,0,0,0,2965,0,0.0
2024-05-17,0,0,0,2965,0,0.0
2024-05-20,0,0,0,2965,0,0.0
2024-05-21,0,0,0,2965,0,0.0
2024-05-22,0,0,0,2965,0,0.0
2024-05-23,0,0,0,2965,0,0.0
2024-05-24,0,0,0,2965,0,0.0
2024-05-27,0,0,0,2965,0,0.0
2024-05-28,0,0,0,2965,0,0.0
2024-05-29,0,0,0,2965,0,0.0
2024-05-30,0,0,0,2965,0,0.0
2024-05-31,0,0,0,2965,0,0.0
2024-06-03,0,0,0,2965,0,0.0
2024-06-04,0,0,0,2965,0,0.0
2024-06-05,0,0,0,2965,0,0.0
2024-06-07,0,0,0,2965,0,0.0
2024-06-10,0,0,0,2965,0,0.0
2024-06-11,0,0,0,2965,0,0.0
2024-06-12,0,0,0,2965,0,0.0
2024-06-13,0,0,0,2965,0,0.0
2024-06-14,0,0,0,2965,0,0.0
2024-06-17,0,0,0,2965,0,0.0
2024-06-18,0,0,0,2965,0,0.0
2024-06-19,0,0,0,2965,0,0.0
2024-06-20,0,0,0,2965,0,0.0
2024-06-21,0,0,0,2965,0,0.0
2024-06-24,0,0,0,2965,0,0.0
2024-06-25,0,0,0,2965,0,0.0
2024-06-26,0,0,0,2965,0,0.0
2024-06-27,0,0,0,2965,0,0.0
2024-06-28,0,0,0,2965,0,0.0
2024-07-01,0,0,0,2965,0,0.0
2024-07-02,0,0,0,2965,0,0.0
2024-07-03,0,0,0,2965,0,0.0
2024-07-04,0,0,0,2965,0,0.0
2024-07-05,0,0,0,2965,0,0.0
2024-07-08,0,0,0,2965,0,0.0
2024-07-09,0,0,0,2965,0,0.0
2024-07-10,0,0,0,2965,0,0.0
2024-07-11,0,0,0,2965,0,0.0
2024-07-12,0,0,0,2965,0,0.0
2024-07-15,0,0,0,2965,0,0.0
2024-07-16,0,0,0,2965,0,0.0
2024-07-17,0,0,0,2965,0,0.0
2024-07-18,0,0,0,2965,0,0.0
2024-07-19,0,0,0,2965,0,0.0
2024-07-22,0,0,0,2965,0,0.0
2024-07-23,0,0,0,2965,0,0.0
2024-07-24,0,0,0,2965,0,0.0
2024-07-25,0,0,0,2965,0,0.0
2024-07-26,0,0,0,2965,0,0.0
2024-07-29,0,0,0,2965,0,0.0
2024-07-30,0,0,0,2965,0,0.0
2024-07-31,0,0,0,2965,0,0.0
2024-08-01,0,0,0,2965,0,0.0
2024-08-02,0,0,0,2965,0,0.0
2024-08-05,0,0,0,2965,0,0.0
2024-08-06,0,0,0,2965,0,0.0
2024-08-07,0,0,0,2965,0,0.0
2024-08-08,0,0,0,2965,0,0.0
2024-08-09,0,0,0,2965,0,0.0
2024-08-12,0,0,0,2965,0,0.0
2024-08-13,0,0,0,2965,0,0.0
2024-08-14,0,0,0,2965,0,0.0
2024-08-16,0,0,0,2965,0,0.0
2024-08-19,0,0,0,2965,0,0.0
2024-08-20,0,0,0,2965,0,0.0
2024-08-21,0,0,0,2965,0,0.0
2024-08-22,0,0,0,2965,0,0.0
2024-08-23,0,0,0,2965,0,0.0
2024-08-26,0,0,0,2965,0,0.0
2024-08-27,0,0,0,2965,0,0.0
2024-08-28,0,0,0,2965,0,0.0
2024-08-29,0,0,0,2965,0,0.0
2024-08-30,0,0,0,2965,0,0.0
2024-09-02,0,0,0,2965,0,0.0
2024-09-03,0,0,0,2965,0,0.0
2024-09-04,0,0,0,2965,0,0.0
2024-09-05,0,0,0,2965,0,0.0
2024-09-06,0,0,0,2965,0,0.0
2024-09-09,0,0,0,2965,0,0.0
2024-09-10,0,0,0,2965,0,0.0
2024-09-11,0,0,0,2965,0,0.0
2024-09-12,0,0,0,2965,0,0.0
2024-09-13,0,0,0,2965,0,0.0
2024-09-19,0,0,0,2965,0,0.0
2024-09-20,0,0,0,2965,0,0.0
2024-09-23,0,0,0,2965,0,0.0
2024-09-24,0,0,0,2965,0,0.0
2024-09-25,0,0,0,2965,0,0.0
2024-09-26,0,0,0,2965,0,0.0
2024-09-27,0,0,0,2965,0,0.0
2024-09-30,0,0,0,2965,0,0.0
2024-10-02,0,0,0,2965,0,0.0
2024-10-04,0,0,0,2965,0,0.0
2024-10-07,0,0,0,2965,0,0.0
2024-10-08,0,0,0,2965,0,0.0
2024-10-10,0,0,0,2965,0,0.0
2024-10-11,0,0,0,2965,0,0.0
2024-10-14,0,0,0,2965,0,0.0
2024-10-15,0,0,0,2965,0,0.0
2024-10-16,0,0,0,2965,0,0.0
2024-10-17,0,0,0,2965,0,0.0
2024-10-18,0,0,0,2965,0,0.0
2024-10-21,0,0,0,2965,0,0.0
2024-10-22,0,0,0,2965,0,0.0
2024-10-23,0,0,0,2965,0,0.0
2024-10-24,0,0,0,2965,0,0.0
2024-10-25,0,0,0,2965,0,0.0
2024-10-28,0,0,0,2965,0,0.0
2024-10-29,0,0,0,2965,0,0.0
2024-10-30,0,0,0,2965,0,0.0
2024-10-31,0,0,0,2965,0,0.0
2024-11-01,0,0,0,2965,0,0.0
2024-11-04,0,0,0,2965,0,0.0
2024-11-05,0,0,0,2965,0,0.0
2024-11-06,0,0,0,2965,0,0.0
2024-11-07,0,0,0,2965,0,0.0
2024-11-08,0,0,0,2965,0,0.0
2024-11-11,0,0,0,2965,0,0.0
2024-11-12,0,0,0,2965,0,0.0
2024-11-13,0,0,0,2965,0,0.0
2024-11-14,0,0,0,2965,0,0.0
2024-11-15,0,0,0,2965,0,0.0
2024-11-18,0,0,0,2965,0,0.0
2024-11-19,0,0,0,2965,0,0.0
2024-11-20,0,0,0,2965,0,0.0
2024-11-21,0,0,0,2965,0,0.0
2024-11-22,0,0,0,2965,0,0.0
2024-11-25,0,0,0,2965,0,0.0
2024-11-26,0,0,0,2965,0,0.0
2024-11-27,0,0,0,2965,0,0.0
2024-11-28,0,0,0,2965,0,0.0
2024-11-29,0,0,0,2965,0,0.0
2024-12-02,0,0,0,2965,0,0.0
2024-12-03,0,0,0,2965,0,0.0
2024-12-04,0,0,0,2965,0,0.0
2024-12-05,0,0,0,2965,0,0.0
2024-12-06,0,0,0,2965,0,0.0
2024-12-09,0,0,0,2965,0,0.0
2024-12-10,0,0,0,2965,0,0.0
2024-12-11,0,0,0,2965,0,0.0
2024-12-12,0,0,0,2965,0,0.0
2024-12-13,0,0,0,2965,0,0.0
2024-12-16,0,0,0,2965,0,0.0
2024-12-17,0,0,0,2965,0,0.0
2024-12-18,0,0,0,2965,0,0.0
2024-12-19,0,0,0,2965,0,0.0
2024-12-20,0,0,0,2965,0,0.0
2024-12-23,0,0,0,2965,0,0.0
2024-12-24,0,0,0,2965,0,0.0
2024-12-26,0,0,0,2965,0,0.0
2024-12-27,0,0,0,2965,0,0.0
2024-12-30,0,0,0,2965,0,0.0
2025-01-02,0,0,0,2965,0,0.0
2025-01-03,0,0,0,2965,0,0.0
2025-01-06,0,0,0,2965,0,0.0
2025-01-07,0,0,0,2965,0,0.0
2025-01-08,0,0,0,2965,0,0.0
2025-01-09,0,0,0,2965,0,0.0
2025-01-10,0,0,0,2965,0,0.0
2025-01-13,0,0,0,2965,0,0.0
2025-01-14,0,0,0,2965,0,0.0
2025-01-15,0,0,0,2965,0,0.0
2025-01-16,0,0,0,2965,0,0.0
2025-01-17,0,0,0,2965,0,0.0
2025-01-20,0,0,0,2965,0,0.0
2025-01-21,0,0,0,2965,0,0.0
2025-01-22,0,0,0,2965,0,0.0
2025-01-23,0,0,0,2965,0,0.0
2025-01-24,0,0,0,2965,0,0.0
2025-01-31,0,0,0,2965,0,0.0
2025-02-03,0,0,0,2965,0,0.0
2025-02-04,0,0,0,2965,0,0.0
2025-02-05,0,0,0,2965,0,0.0
2025-02-06,0,0,0,2965,0,0.0
2025-02-07,0,0,0,2965,0,0.0
2025-02-10,0,0,0,2965,0,0.0
2025-02-11,0,0,0,2965,0,0.0
2025-02-12,0,0,0,2965,0,0.0
2025-02-13,0,0,0,2965,0,0.0
2025-02-14,0,0,0,2965,0,0.0
2025-02-17,0,0,0,2965,0,0.0
2025-02-18,0,0,0,2965,0,0.0
2025-02-19,0,0,0,2965,0,0.0
2025-02-20,0,0,0,2965,0,0.0
2025-02-21,0,0,0,2965,0,0.0
2025-02-24,0,0,0,2965,0,0.0
2025-02-25,0,0,0,2965,0,0.0
2025-02-26,0,0,0,2965,0,0.0
2025-02-27,2965,2965,2965,2965,0,0.0
2025-02-28,2965,2965,2965,2965,0,0.0
2025-03-04,2965,2965,2965,2965,0,0.0
2025-03-05,2965,2965,2965,2965,0,0.0
2025-03-06,2965,2965,2965,2965,0,0.0
2025-03-07,0,0,0,2965,0,0.0
2025-03-10,0,0,0,2965,0,0.0
2025-03-11,0,0,0,2965,0,0.0
2025-03-12,0,0,0,2965,0,0.0
2025-03-13,0,0,0,2965,0,0.0
2025-03-14,0,0,0,2965,0,0.0
2025-03-17,0,0,0,2965,0,0.0
2025-03-18,0,0,0,2965,0,0.0
2025-03-19,0,0,0,2965,0,0.0
2025-03-20,0,0,0,2965,0,0.0
2025-03-21,0,0,0,2965,0,0.0
2025-03-24,0,0,0,2965,0,0.0
2025-03-25,0,0,0,2965,0,0.0
2025-03-26,0,0,0,2965,0,0.0
2025-03-27,0,0,0,2965,0,0.0
2025-03-28,0,0,0,2965,0,0.0
2025-03-31,0,0,0,2965,0,0.0
2025-04-01,0,0,0,2965,0,0.0
2025-04-02,0,0,0,2965,0,0.0
2025-04-03,0,0,0,2965,0,0.0
2025-04-04,0,0,0,2965,0,0.0
2025-04-07,0,0,0,2965,0,0.0
2025-04-08,0,0,0,2965,0,0.0
2025-04-09,0,0,0,2965,0,0.0
2025-04-10,0,0,0,2965,0,0.0
2025-04-11,0,0,0,2965,0,0.0
2025-04-14,0,0,0,2965,0,0.0
2025-04-15,0,0,0,2965,0,0.0
2025-04-16,0,0,0,2965,0,0.0
2025-04-17,0,0,0,2965,0,0.0
2025-04-18,0,0,0,2965,0,0.0
2025-04-21,0,0,0,2965,0,0.0
2025-04-22,0,0,0,2965,0,0.0
2025-04-23,0,0,0,2965,0,0.0
2025-04-24,0,0,0,2965,0,0.0
2025-04-25,0,0,0,2965,0,0.0
2025-04-28,0,0,0,2965,0,0.0
2025-04-29,0,0,0,2965,0,0.0
2025-04-30,0,0,0,2965,0,0.0
2025-05-02,0,0,0,2965,0,0.0
2025-05-07,0,0,0,2965,0,0.0
2025-05-08,0,0,0,2965,0,0.0
2025-05-09,0,0,0,2965,0,0.0
2025-05-12,0,0,0,2965,0,0.0
2025-05-13,0,0,0,2965,0,0.0
2025-05-14,0,0,0,2965,0,0.0
2025-05-15,0,0,0,2965,0,0.0
2025-05-16,0,0,0,2965,0,0.0
2025-05-19,0,0,0,2965,0,0.0
2025-05-20,0,0,0,2965,0,0.0
2025-05-21,0,0,0,2965,0,0.0
2025-05-22,0,0,0,2965,0,0.0
2025-05-23,0,0,0,2965,0,0.0
2025-05-26,0,0,0,2965,0,0.0
2025-05-27,0,0,0,2965,0,0.0
2025-05-28,0,0,0,2965,0,0.0
2025-05-29,0,0,0,2965,0,0.0
2025-05-30,0,0,0,2965,0,0.0
2025-06-02,0,0,0,2965,0,0.0
2025-06-04,0,0,0,2965,0,0.0
2025-06-05,0,0,0,2965,0,0.0
2025-06-09,0,0,0,2965,0,0.0
2025-06-10,0,0,0,2965,0,0.0
2025-06-11,0,0,0,2965,0,0.0
2025-06-12,0,0,0,2965,0,0.0
2025-06-13,0,0,0,2965,0,0.0
2025-06-16,0,0,0,2965,0,0.0
2025-06-17,0,0,0,2965,0,0.0
2025-06-18,0,0,0,2965,0,0.0
2025-06-19,0,0,0,2965,0,0.0
2025-06-20,0,0,0,2965,0,0.0
2025-06-23,0,0,0,2965,0,0.0
2025-06-24,0,0,0,2965,0,0.0
2025-06-25,0,0,0,2965,0,0.0
2025-06-26,0,0,0,2965,0,0.0
2025-06-27,0,0,0,2965,0,0.0
2025-06-30,0,0,0,2965,0,0.0
