Date,Open,High,Low,Close,Volume,Change
2020-10-15,267300,347490,250965,255420,6557212,
2020-10-16,250469,250469,197010,198495,4504395,-0.22286821705426352
2020-10-19,196515,200475,185129,187110,1977996,-0.05735660847880297
2020-10-20,188100,191565,174240,180675,1811616,-0.03439153439153442
2020-10-21,178695,183645,175230,177210,1658643,-0.019178082191780854
2020-10-22,174735,183150,173745,178200,1193994,0.005586592178770999
2020-10-23,181170,182160,169785,170775,905547,-0.04166666666666663
2020-10-26,171270,171765,154440,154440,987951,-0.09565217391304348
2020-10-27,152955,164340,150975,160875,1118487,0.04166666666666674
2020-10-28,159885,161865,155925,156915,581195,-0.024615384615384595
2020-10-29,153945,159885,152955,155430,518248,-0.009463722397476393
2020-10-30,147510,149985,140580,140580,1142310,-0.09554140127388533
2020-11-02,141075,145035,139590,142065,412881,0.010563380281690238
2020-11-03,143055,150480,143055,150480,689435,0.059233449477351874
2020-11-04,151965,151965,145530,147510,329773,-0.019736842105263164
2020-11-05,148995,171270,148500,162360,1565701,0.10067114093959728
2020-11-06,162855,164340,157905,160380,413106,-0.012195121951219523
2020-11-09,162360,167805,159390,161370,429226,0.006172839506172867
2020-11-10,166815,169785,164835,166320,491183,0.030674846625766916
2020-11-11,168795,170280,161370,162360,295999,-0.023809523809523836
2020-11-12,162360,162360,154440,155925,326268,-0.03963414634146345
2020-11-13,154935,160875,154440,158400,224605,0.015873015873015817
2020-11-16,153945,170280,152955,169785,1162127,0.07187499999999991
2020-11-17,167310,181170,163845,177705,925185,0.04664723032069973
2020-11-18,179685,183645,176220,179685,418979,0.011142061281337101
2020-11-19,179685,180675,174240,178200,287615,-0.008264462809917328
2020-11-20,180180,191070,176220,182655,822190,0.02499999999999991
2020-11-23,183150,184140,176220,178200,404421,-0.024390243902439046
2020-11-24,179190,179685,172260,179190,387623,0.005555555555555536
2020-11-25,181665,182655,170775,172260,441052,-0.03867403314917128
2020-11-26,175230,179685,173250,174240,343663,0.011494252873563315
2020-11-27,176220,176715,173250,176220,128351,0.011363636363636465
2020-11-30,176220,179190,174735,177705,177706,0.008426966292134797
2020-12-01,180675,183150,177705,179190,328175,0.008356545961002881
2020-12-02,181170,181170,178200,180180,195743,0.005524861878453136
2020-12-03,181665,188594,180180,187605,666358,0.041208791208791284
2020-12-04,187110,187604,183150,185625,258344,-0.01055408970976257
2020-12-07,186615,186615,178200,178695,254368,-0.03733333333333333
2020-12-08,178200,181665,175230,180180,203373,0.008310249307479145
2020-12-09,181170,181170,178200,178200,156872,-0.01098901098901095
2020-12-10,177210,179685,175230,179685,388533,0.008333333333333304
2020-12-11,180180,180180,177210,178695,143946,-0.0055096418732781816
2020-12-14,177705,177705,173250,173745,197662,-0.027700831024930705
2020-12-15,173745,173745,168795,170280,152204,-0.019943019943019946
2020-12-16,171270,172260,169290,171270,97010,0.005813953488372103
2020-12-17,167310,167310,158895,159885,1122966,-0.06647398843930641
2020-12-18,160875,162360,158895,160380,162232,0.003095975232198178
2020-12-21,160380,160380,155430,156915,161286,-0.021604938271604923
2020-12-22,155925,156915,152460,152955,166164,-0.025236593059936863
2020-12-23,152955,156420,150975,151470,149781,-0.009708737864077666
2020-12-24,151470,156915,149985,156420,132612,0.03267973856209161
2020-12-28,156915,157410,153450,154935,115532,-0.009493670886076
2020-12-29,154935,158895,153450,156915,110675,0.012779552715654896
2020-12-30,156915,159390,155925,158400,117495,0.009463722397476282
2021-01-04,158400,158895,154440,156420,152926,-0.012499999999999956
2021-01-05,155430,157410,153945,156915,168962,0.0031645569620253333
2021-01-06,158400,159390,155925,156915,148194,0.0
2021-01-07,156915,157905,155430,155430,139860,-0.009463722397476393
2021-01-08,156420,160380,153450,158895,285332,0.022292993630573354
2021-01-11,160380,160875,152460,152955,253932,-0.03738317757009346
2021-01-12,152955,155430,148500,151965,202504,-0.006472491909385147
2021-01-13,151965,178200,151470,166815,2079262,0.09771986970684043
2021-01-14,164835,168795,161865,164340,341487,-0.014836795252225476
2021-01-15,159390,160875,155430,155430,689611,-0.054216867469879526
2021-01-18,154440,166815,152955,163845,630687,0.05414012738853513
2021-01-19,166320,172755,165330,171765,459733,0.048338368580060465
2021-01-20,172260,175230,167310,174240,423998,0.014409221902017322
2021-01-21,176220,176220,171270,171270,242491,-0.017045454545454586
2021-01-22,171270,196020,169785,190575,2251812,0.11271676300578037
2021-01-25,199980,214830,195525,201465,1884652,0.05714285714285716
2021-01-26,201465,216810,192555,208395,906368,0.03439803439803435
2021-01-27,205920,219285,204434,205425,1003201,-0.014251781472684133
2021-01-28,210870,222750,206415,217800,1653828,0.06024096385542177
2021-01-29,219780,219780,198495,202455,773127,-0.07045454545454544
2021-02-01,202455,215325,197009,215325,608089,0.0635696821515892
2021-02-02,216810,240075,211365,230175,1363038,0.06896551724137923
2021-02-03,229185,238589,223245,230175,545274,0.0
2021-02-04,231660,244530,226215,239085,861501,0.03870967741935494
2021-02-05,241065,247005,235125,240570,400509,0.006211180124223503
2021-02-08,244530,248985,240570,243045,327089,0.010288065843621297
2021-02-09,239580,240075,227699,228690,583871,-0.05906313645621186
2021-02-10,229680,238590,228195,229185,389109,0.0021645021645022577
2021-02-15,230670,234630,223740,224235,306380,-0.021598272138228958
2021-02-16,225720,253935,225225,245520,935265,0.09492273730684331
2021-02-17,245025,252450,239580,246510,393721,0.0040322580645162365
2021-02-18,252450,256410,237105,239085,436416,-0.030120481927710885
2021-02-19,240075,243540,226710,232155,342692,-0.02898550724637683
2021-02-22,233640,234135,224235,224730,225597,-0.031982942430703654
2021-02-23,225225,232155,218790,226215,209046,0.0066079295154184425
2021-02-24,232154,237105,207900,208890,572749,-0.07658643326039383
2021-02-25,212850,214335,202950,209880,385862,0.004739336492890933
2021-02-26,200475,206910,198495,204435,274114,-0.02594339622641506
2021-03-02,210870,214335,203940,204930,176498,0.002421307506053294
2021-03-03,207900,212355,205919,210375,726953,0.02657004830917864
2021-03-04,207405,214830,206910,210870,235437,0.0023529411764706687
2021-03-05,207405,207899,202455,205425,166537,-0.025821596244131495
2021-03-08,207405,213345,203940,205920,283093,0.002409638554216942
2021-03-09,207405,208890,195030,198000,303435,-0.038461538461538436
2021-03-10,201465,201960,190575,191070,215289,-0.03500000000000003
2021-03-11,192555,211365,191070,209385,446049,0.09585492227979264
2021-03-12,212850,226215,212355,225720,461596,0.07801418439716312
2021-03-15,217800,224235,211860,215820,355512,-0.04385964912280704
2021-03-16,218789,220770,213840,216810,181446,0.004587155963302836
2021-03-17,217800,231660,217800,228690,387484,0.0547945205479452
2021-03-18,229680,233145,227700,231660,255292,0.01298701298701288
2021-03-19,226215,229185,220770,223740,211070,-0.03418803418803418
2021-03-22,225225,232155,224235,227700,202809,0.017699115044247815
2021-03-23,229680,232155,217800,219780,182932,-0.034782608695652195
2021-03-24,218789,223245,213840,216810,144804,-0.013513513513513487
2021-03-25,216810,233145,216315,233145,306749,0.07534246575342474
2021-03-26,234630,240570,226710,239580,396518,0.027600849256900206
2021-03-29,241065,241065,231659,234135,225213,-0.022727272727272707
2021-03-30,235620,246015,234630,240075,359390,0.025369978858351017
2021-03-31,242550,248490,238590,240570,276932,0.0020618556701030855
2021-04-01,243540,244530,231660,236610,281903,-0.016460905349794275
2021-04-02,237600,241065,231660,240570,586848,0.01673640167364021
2021-04-05,252450,262350,241065,245520,1677346,0.020576131687242816
2021-04-06,250470,261855,248985,256410,922890,0.04435483870967749
2021-04-07,259380,276705,253935,273240,1032090,0.06563706563706573
2021-04-08,275220,282150,262350,264330,633549,-0.03260869565217395
2021-04-09,265320,269280,254430,255420,510218,-0.0337078651685393
2021-04-12,253440,259875,247500,249975,458542,-0.02131782945736438
2021-04-13,252945,255915,248985,249975,320695,0.0
2021-04-14,239085,244530,229680,233145,1019699,-0.06732673267326728
2021-04-15,225225,252450,225225,247500,1256775,0.06157112526539277
2021-04-16,253500,255500,242500,249000,440679,0.0060606060606061
2021-04-19,250000,254000,240500,241500,347666,-0.030120481927710885
2021-04-20,241000,247500,239500,242000,215412,0.0020703933747412417
2021-04-21,242000,246500,241000,242000,231381,0.0
2021-04-22,246000,256000,245500,255000,446672,0.05371900826446274
2021-04-23,256000,261500,251500,258500,285699,0.013725490196078383
2021-04-26,260000,262500,255500,259000,216884,0.0019342359767891004
2021-04-27,260000,264500,255000,256000,234760,-0.01158301158301156
2021-04-28,257000,258500,242000,244000,412618,-0.046875
2021-04-29,247000,247500,242000,243500,176278,-0.002049180327868827
2021-04-30,244500,249000,240000,243000,183616,-0.002053388090349051
2021-05-03,243000,245000,234000,236500,195301,-0.026748971193415683
2021-05-04,237000,240500,234000,239500,196353,0.012684989429175397
2021-05-06,240000,251000,237000,251000,264248,0.04801670146137793
2021-05-07,253500,256000,249000,252500,193831,0.005976095617529875
2021-05-10,255500,262000,253500,258500,257309,0.023762376237623783
2021-05-11,258000,261000,253500,259000,195611,0.0019342359767891004
2021-05-12,259000,264000,244500,246000,382142,-0.050193050193050204
2021-05-13,242000,246000,238000,240500,248997,-0.022357723577235755
2021-05-14,245000,245000,241000,242500,149565,0.008316008316008316
2021-05-17,242500,248500,242500,248500,143607,0.024742268041237025
2021-05-18,250000,260500,249000,260500,395521,0.048289738430583595
2021-05-20,261000,266000,255000,266000,342100,0.02111324376199608
2021-05-21,268000,272000,257500,261500,357864,-0.016917293233082664
2021-05-24,263000,272000,261000,263500,543930,0.007648183556405286
2021-05-25,265000,266000,255000,260500,307669,-0.011385199240986688
2021-05-26,261500,264000,256500,259000,257975,-0.0057581573896353655
2021-05-27,259500,260000,252000,253000,1175231,-0.02316602316602312
2021-05-28,255000,263000,254500,261000,285689,0.031620553359683834
2021-05-31,263500,267000,261500,265000,225074,0.015325670498084198
2021-06-01,266000,266500,258000,261000,183347,-0.015094339622641506
2021-06-02,263000,266500,261500,263500,204841,0.009578544061302763
2021-06-03,264000,274000,262500,269500,410640,0.022770398481973375
2021-06-04,268500,269000,260000,266000,284503,-0.012987012987012991
2021-06-07,267000,268000,261000,265500,153686,-0.001879699248120259
2021-06-08,265000,267000,263500,265000,153360,-0.0018832391713747842
2021-06-09,265000,265000,261000,262000,166528,-0.01132075471698113
2021-06-10,262000,279000,261500,272500,946188,0.040076335877862634
2021-06-11,272500,277500,271500,275500,324529,0.011009174311926495
2021-06-14,277000,286000,276500,282000,502504,0.023593466424682408
2021-06-15,285000,293000,279500,289000,461455,0.024822695035461084
2021-06-16,290500,298000,287000,292000,478261,0.01038062283737018
2021-06-17,292000,301000,289000,297000,567305,0.017123287671232834
2021-06-18,298500,326500,297500,313000,1630734,0.05387205387205385
2021-06-21,313000,321000,299500,308000,556480,-0.015974440894568676
2021-06-22,311000,324500,311000,324500,607966,0.0535714285714286
2021-06-23,334500,337000,318500,321500,687701,-0.009244992295839749
2021-06-24,326000,329500,317500,322000,375522,0.0015552099533437946
2021-06-25,326000,326500,312000,314000,354850,-0.024844720496894457
2021-06-28,310500,317000,307500,312000,331362,-0.006369426751592355
2021-06-29,288500,294500,286500,289000,4827044,-0.07371794871794868
2021-06-30,290500,298500,289000,292500,1002404,0.01211072664359869
2021-07-01,293500,304500,292500,302000,734474,0.032478632478632585
2021-07-02,302000,305500,296500,303000,654721,0.0033112582781456013
2021-07-05,306000,315000,303000,306500,438374,0.011551155115511635
2021-07-06,307500,308500,300500,302000,321244,-0.014681892332789603
2021-07-07,303000,304000,297000,297500,371676,-0.01490066225165565
2021-07-08,298500,301500,290000,294000,374006,-0.0117647058823529
2021-07-09,291500,310000,289000,308000,667038,0.04761904761904767
2021-07-12,310000,314500,302500,307000,387814,-0.0032467532467532756
2021-07-13,306500,315000,306000,309000,407290,0.006514657980456029
2021-07-14,312000,323000,309000,319000,530995,0.032362459546925626
2021-07-15,320000,322000,315500,319500,238471,0.0015673981191222097
2021-07-16,319000,319000,314500,317500,227008,-0.006259780907668211
2021-07-19,317000,317500,310500,315000,209873,-0.007874015748031482
2021-07-20,311500,318500,299000,306000,484428,-0.02857142857142858
2021-07-21,311000,312000,296500,298500,388660,-0.02450980392156865
2021-07-22,301500,306500,298500,301500,254160,0.01005025125628145
2021-07-23,300500,306500,299000,303000,196806,0.004975124378109541
2021-07-26,305000,307000,298500,299000,170632,-0.01320132013201325
2021-07-27,301000,302000,296500,298500,129698,-0.0016722408026755842
2021-07-28,299000,303500,297500,299000,153207,0.0016750418760469454
2021-07-29,299500,302000,295000,297000,160168,-0.006688963210702337
2021-07-30,296500,297000,289500,289500,231902,-0.025252525252525304
2021-08-02,292500,299000,291000,294500,197854,0.017271157167530138
2021-08-03,295000,301000,289000,291500,210664,-0.01018675721561968
2021-08-04,291500,297500,290000,295500,131349,0.013722126929674117
2021-08-05,297000,300500,295500,298500,166125,0.010152284263959421
2021-08-06,303500,310500,298000,310000,326148,0.038525963149078635
2021-08-09,307500,311500,304000,308000,189206,-0.006451612903225823
2021-08-10,308000,316000,306500,313500,258863,0.017857142857142794
2021-08-11,312500,313000,299000,301000,239660,-0.03987240829346095
2021-08-12,304000,305500,299500,303500,158960,0.008305647840531671
2021-08-13,301000,303000,296500,299000,162223,-0.014827018121911006
2021-08-17,299500,303500,289000,291500,222761,-0.025083612040133763
2021-08-18,289500,295000,282000,293000,174415,0.005145797598627766
2021-08-19,290500,294000,285000,285000,158306,-0.027303754266211566
2021-08-20,284000,290500,267500,274000,374222,-0.038596491228070184
2021-08-23,274500,284500,274500,283500,140378,0.034671532846715314
2021-08-24,286000,292000,286000,288500,132347,0.01763668430335108
2021-08-25,288500,290000,283500,285500,100549,-0.010398613518197597
2021-08-26,287500,289500,285000,287000,92775,0.005253940455341555
2021-08-27,286500,288000,283000,284500,90563,-0.008710801393728262
2021-08-30,289500,291500,286000,286000,107789,0.005272407732864748
2021-08-31,286500,290500,280500,289500,185294,0.012237762237762295
2021-09-01,288500,291000,285000,286000,98641,-0.012089810017271163
2021-09-02,287000,287000,280500,280500,125291,-0.019230769230769273
2021-09-03,284500,284500,279500,281000,115176,0.0017825311942958333
2021-09-06,280500,288000,279500,286500,129959,0.019572953736654908
2021-09-07,286500,288000,284500,286000,92619,-0.0017452006980802626
2021-09-08,286000,287000,278500,280000,131121,-0.020979020979020935
2021-09-09,280000,283500,276000,278000,133423,-0.0071428571428571175
2021-09-10,276500,279500,251000,269500,743729,-0.030575539568345356
2021-09-13,265500,273500,260500,264000,195104,-0.020408163265306145
2021-09-14,267000,285000,267000,283500,402730,0.07386363636363646
2021-09-15,282000,286500,279500,279500,135386,-0.014109347442680775
2021-09-16,283000,283000,274500,276500,113301,-0.01073345259391767
2021-09-17,276000,278000,270000,276500,224161,0.0
2021-09-23,276000,279500,270500,270500,145097,-0.02169981916817365
2021-09-24,271000,275500,267500,268000,121739,-0.009242144177449174
2021-09-27,268000,283000,268000,278000,199399,0.03731343283582089
2021-09-28,287500,294500,281500,283500,416036,0.019784172661870603
2021-09-29,276500,289000,276500,287000,227365,0.012345679012345734
2021-09-30,290000,302500,289000,298500,493052,0.04006968641114983
2021-10-01,299500,302000,287000,291500,325950,-0.02345058626465657
2021-10-05,288000,300000,288000,293000,362265,0.005145797598627766
2021-10-06,297000,297500,283000,283000,234461,-0.03412969283276446
2021-10-07,286000,296500,285000,291500,256879,0.030035335689045928
2021-10-08,291500,295000,280500,281000,243559,-0.03602058319039447
2021-10-12,281000,282000,272000,275500,162190,-0.019572953736654797
2021-10-13,272500,279500,272500,274500,105066,-0.003629764065335772
2021-10-14,274500,288500,273500,288500,258404,0.051001821493624755
2021-10-15,290000,308500,290000,306500,757313,0.06239168110918536
2021-10-18,307500,310500,303500,305000,332715,-0.004893964110929905
2021-10-19,309000,324500,306500,322000,506796,0.05573770491803276
2021-10-20,326000,338000,315000,319500,769351,-0.00776397515527949
2021-10-21,321500,335500,315000,330500,534501,0.03442879499217533
2021-10-22,331000,334000,316000,325000,486408,-0.016641452344931973
2021-10-25,324500,329500,319000,326000,248602,0.003076923076922977
2021-10-26,328000,347000,325500,342000,716852,0.04907975460122693
2021-10-27,343000,349500,337000,348500,429359,0.01900584795321647
2021-10-28,346000,349000,330500,333500,454192,-0.04304160688665715
2021-10-29,337500,342000,330500,335000,248223,0.004497751124437732
2021-11-01,340000,350000,338000,348500,416317,0.040298507462686484
2021-11-02,352500,358500,345000,348000,319505,-0.0014347202295552641
2021-11-03,349000,356000,341000,346500,264872,-0.004310344827586188
2021-11-04,354000,372500,340000,356500,941627,0.02886002886002892
2021-11-05,360500,388000,357000,383500,809898,0.07573632538569419
2021-11-08,383500,397500,380500,392500,428618,0.02346805736636237
2021-11-09,390000,394500,383000,389000,323922,-0.008917197452229297
2021-11-10,390500,396500,377000,385000,351257,-0.010282776349614386
2021-11-11,379000,390500,378000,389000,278757,0.010389610389610393
2021-11-12,393000,401500,389000,396500,311455,0.019280205655527016
2021-11-15,398500,413500,396500,407000,266892,0.02648171500630525
2021-11-16,410000,418000,404500,414000,318155,0.017199017199017286
2021-11-17,418000,421500,408500,414000,298647,0.0
2021-11-18,414000,419000,395000,412500,379310,-0.0036231884057971175
2021-11-19,413000,416000,400000,400500,329932,-0.029090909090909056
2021-11-22,395000,397500,370000,392500,566563,-0.019975031210986316
2021-11-23,390500,406000,382000,392500,289318,0.0
2021-11-24,390000,394000,374000,386000,317948,-0.016560509554140124
2021-11-25,382500,394000,382000,385500,236016,-0.0012953367875647714
2021-11-26,388500,393500,366000,372000,362043,-0.035019455252918275
2021-11-29,360500,386500,360000,369000,371140,-0.008064516129032251
2021-11-30,377500,380000,357500,364500,532093,-0.012195121951219523
2021-12-01,365000,369500,342500,352500,409117,-0.03292181069958844
2021-12-02,344000,346000,328500,330000,508738,-0.06382978723404253
2021-12-03,333500,358500,330000,354500,545016,0.07424242424242422
2021-12-06,347500,349500,334000,335000,365913,-0.05500705218617774
2021-12-07,340000,344500,336000,339500,215082,0.013432835820895495
2021-12-08,344000,348500,337500,341000,392299,0.004418262150220897
2021-12-09,345500,361000,344500,354500,541135,0.03958944281524923
2021-12-10,350000,356500,345000,352000,196627,-0.007052186177715081
2021-12-13,351500,353000,336500,337500,271751,-0.04119318181818177
2021-12-14,332000,339000,329000,331500,207992,-0.01777777777777778
2021-12-15,328500,336000,328500,332500,118317,0.003016591251885359
2021-12-16,338000,338000,330500,333000,108315,0.0015037593984963404
2021-12-17,329500,334500,328500,331000,108623,-0.006006006006005982
2021-12-20,331000,338000,324500,325000,141983,-0.01812688821752262
2021-12-21,325500,338500,323000,337000,186791,0.036923076923076836
2021-12-22,340000,345000,334500,341000,196987,0.011869436201780381
2021-12-23,346000,347500,339500,341000,153526,0.0
2021-12-24,341000,345000,339500,340500,125893,-0.0014662756598240456
2021-12-27,338000,343000,335500,341000,153394,0.001468428781204123
2021-12-28,341500,362000,341500,358000,485820,0.04985337243401755
2021-12-29,364000,364000,346500,349500,334231,-0.023743016759776525
2021-12-30,350000,356000,345500,349000,143001,-0.0014306151645206988
2022-01-03,352000,360500,349000,350500,179666,0.004297994269341077
2022-01-04,350500,351500,336000,337500,223248,-0.03708987161198285
2022-01-05,332500,336000,310500,314000,500313,-0.0696296296296296
2022-01-06,308000,308500,296500,298500,459978,-0.04936305732484081
2022-01-07,302500,307500,300500,302500,223108,0.01340033500837512
2022-01-10,302000,302000,289000,295500,275890,-0.023140495867768562
2022-01-11,294000,300500,288000,289000,209051,-0.021996615905245376
2022-01-12,295500,302500,293000,297000,223419,0.02768166089965396
2022-01-13,298500,299000,288000,291500,179105,-0.01851851851851849
2022-01-14,284500,285000,276500,284000,282689,-0.02572898799313894
2022-01-17,281000,286500,278000,280000,142574,-0.014084507042253502
2022-01-18,280000,284500,276500,277500,151095,-0.008928571428571397
2022-01-19,273000,276500,267000,274500,268812,-0.010810810810810811
2022-01-20,275500,289000,275000,288000,263490,0.049180327868852514
2022-01-21,286000,293500,281000,285000,249274,-0.01041666666666663
2022-01-24,283500,285000,275000,277000,192988,-0.028070175438596467
2022-01-25,280000,281500,269000,271000,180016,-0.02166064981949456
2022-01-26,271500,272500,251000,251500,430078,-0.0719557195571956
2022-01-27,250000,255000,241500,241500,309387,-0.03976143141153077
2022-01-28,244500,244500,229500,237000,408005,-0.018633540372670843
2022-02-03,244500,247000,237500,238000,207469,0.00421940928270037
2022-02-04,235000,264500,235000,260000,353247,0.09243697478991586
2022-02-07,262500,262500,246000,249500,330953,-0.04038461538461535
2022-02-08,252000,268000,251500,258500,352536,0.03607214428857719
2022-02-09,264000,265000,255500,258000,178164,-0.0019342359767892114
2022-02-10,261000,265000,253000,255000,204104,-0.011627906976744207
2022-02-11,250000,258000,245500,252000,184851,-0.0117647058823529
2022-02-14,247500,256000,243000,254000,167918,0.007936507936507908
2022-02-15,254000,254500,237000,239000,299085,-0.05905511811023623
2022-02-16,245000,258500,241500,256500,309210,0.07322175732217584
2022-02-17,260000,268500,254000,260000,468439,0.013645224171539905
2022-02-18,255500,265000,255000,262500,234132,0.009615384615384581
2022-02-21,259000,276500,257500,275500,478340,0.049523809523809526
2022-02-22,270000,284000,270000,273500,552605,-0.007259528130671544
2022-02-23,282500,289500,280500,281500,536597,0.02925045703839113
2022-02-24,279500,289000,277000,283000,461796,0.005328596802841812
2022-02-25,289500,292000,282000,286500,305530,0.012367491166077826
2022-02-28,285000,289500,280500,288500,230069,0.00698080279232105
2022-03-02,286500,289500,282000,286500,166979,-0.006932409012131768
2022-03-03,287500,288000,277000,278500,330762,-0.027923211169284423
2022-03-04,278000,281000,273000,278000,204131,-0.0017953321364452268
2022-03-07,270500,280500,270000,276500,177007,-0.0053956834532373765
2022-03-08,273000,276500,270000,274000,178639,-0.009041591320072317
2022-03-10,280500,287000,279000,285000,243949,0.04014598540145986
2022-03-11,287000,289500,282000,284000,224499,-0.0035087719298245723
2022-03-14,286500,289500,280000,285000,206924,0.0035211267605634866
2022-03-15,284000,284500,270500,273000,212456,-0.04210526315789476
2022-03-16,277000,278000,269500,273000,192157,0.0
2022-03-17,279000,285500,279000,280000,219296,0.02564102564102555
2022-03-18,281500,287000,281000,285500,211348,0.019642857142857073
2022-03-21,287000,289500,281000,282000,123567,-0.012259194395796813
2022-03-22,283000,289000,282000,289000,158891,0.024822695035461084
2022-03-23,294500,306000,292000,297500,402162,0.02941176470588225
2022-03-24,297500,301000,293500,300000,157070,0.008403361344537785
2022-03-25,301000,303000,297500,301000,149546,0.0033333333333334103
2022-03-28,301000,301500,292500,296000,155681,-0.01661129568106312
2022-03-29,298500,303000,297000,299000,111160,0.010135135135135087
2022-03-30,302500,312000,299500,309500,297512,0.03511705685618738
2022-03-31,310000,313500,307500,309500,151625,0.0
2022-04-01,307500,329500,304000,323000,715079,0.043618739903069415
2022-04-04,333000,334500,308500,313500,561925,-0.02941176470588236
2022-04-05,313500,317500,306500,311500,182959,-0.006379585326953707
2022-04-06,308000,311000,299000,300000,266799,-0.036918138041733495
2022-04-07,295000,303500,289500,290000,270975,-0.033333333333333326
2022-04-08,293500,296500,282000,283500,274873,-0.022413793103448265
2022-04-11,286500,295000,281000,282000,258351,-0.005291005291005346
2022-04-12,279000,285000,276500,283500,181292,0.005319148936170137
2022-04-13,287000,302500,286000,301500,320345,0.06349206349206349
2022-04-14,299000,299500,292000,297000,194491,-0.014925373134328401
2022-04-15,294000,300000,287500,294000,126475,-0.010101010101010055
2022-04-18,293500,293500,279000,279500,267792,-0.04931972789115646
2022-04-19,280500,283500,279000,280000,121423,0.0017889087656528524
2022-04-20,281500,281500,263500,264000,469129,-0.05714285714285716
2022-04-21,263000,267000,257500,261000,235355,-0.011363636363636354
2022-04-22,260000,260000,253500,254500,222681,-0.02490421455938696
2022-04-25,248500,257000,246500,250500,168202,-0.015717092337917515
2022-04-26,253000,264000,253000,260500,252790,0.03992015968063867
2022-04-27,253500,264000,251000,260500,256788,0.0
2022-04-28,263000,263500,256000,259000,149230,-0.0057581573896353655
2022-04-29,259500,260500,251000,251500,224108,-0.02895752895752901
2022-05-02,247500,253500,244500,252500,146391,0.003976143141153132
2022-05-03,253500,257000,251500,253500,154984,0.003960396039603964
2022-05-04,255000,256000,245000,247000,273895,-0.02564102564102566
2022-05-06,245000,249000,240000,241000,198883,-0.02429149797570851
2022-05-09,238000,240000,233500,235500,184982,-0.022821576763485507
2022-05-10,229500,233000,219000,230500,350101,-0.02123142250530785
2022-05-11,230000,234000,226000,228000,172713,-0.010845986984815648
2022-05-12,221500,225000,211500,213000,405107,-0.06578947368421051
2022-05-13,213000,218000,211500,215000,246632,0.009389671361502261
2022-05-16,216500,222000,213000,215500,185060,0.0023255813953488857
2022-05-17,215000,222000,215000,219000,131418,0.016241299303944245
2022-05-18,222500,226500,219500,220000,206231,0.004566210045662045
2022-05-19,212000,221500,212000,218500,145862,-0.006818181818181834
2022-05-20,219000,221000,213000,221000,277547,0.011441647597254079
2022-05-23,220500,221500,217500,221000,131124,0.0
2022-05-24,221000,221000,215000,215500,114706,-0.02488687782805432
2022-05-25,216500,221000,216000,219500,124760,0.018561484918793614
2022-05-26,220000,221500,213500,214500,133881,-0.02277904328018221
2022-05-27,219500,226500,215500,218500,253460,0.018648018648018683
2022-05-30,222500,228000,220500,228000,214345,0.04347826086956519
2022-05-31,228000,233000,225500,231000,242955,0.013157894736842035
2022-06-02,232000,232500,224500,227000,137833,-0.017316017316017285
2022-06-03,229000,232000,227500,228000,137854,0.004405286343612369
2022-06-07,229500,230000,220000,221500,146529,-0.028508771929824595
2022-06-08,221500,226000,220000,222000,102544,0.0022573363431150906
2022-06-09,222000,228000,221000,227500,196150,0.024774774774774855
2022-06-10,223500,225500,220000,223500,160657,-0.01758241758241763
2022-06-13,216000,217500,198500,199000,454935,-0.10961968680089484
2022-06-14,192000,196000,184500,193000,499366,-0.03015075376884424
2022-06-15,168000,168500,139000,145000,4212828,-0.24870466321243523
2022-06-16,148000,158000,139000,148000,2713956,0.020689655172413834
2022-06-17,141000,153000,140500,148500,879832,0.0033783783783782884
2022-06-20,151500,152000,145500,149500,489287,0.006734006734006703
2022-06-21,150000,151500,139500,149500,506620,0.0
2022-06-22,152000,152500,139500,139500,481524,-0.06688963210702337
2022-06-23,138000,146000,138000,139500,558128,0.0
2022-06-24,141000,149500,140500,148000,406847,0.06093189964157708
2022-06-27,150000,154000,144000,152000,395216,0.027027027027026973
2022-06-28,151000,151000,142500,147000,538781,-0.03289473684210531
2022-06-29,144000,150000,143500,148500,233353,0.010204081632652962
2022-06-30,147500,152000,144000,145500,248262,-0.02020202020202022
2022-07-01,146500,148000,139000,140000,253927,-0.037800687285223344
2022-07-04,142500,146500,139500,142000,256569,0.014285714285714235
2022-07-05,142500,150500,142000,150000,290363,0.05633802816901401
2022-07-06,149000,156000,147000,149500,363099,-0.0033333333333332993
2022-07-07,151000,164500,150500,158500,406439,0.06020066889632103
2022-07-08,160500,170500,158500,164500,427550,0.03785488958990535
2022-07-11,166000,168500,158500,159500,217806,-0.03039513677811545
2022-07-12,158000,160000,152500,156000,188670,-0.021943573667711602
2022-07-13,156000,161000,155000,158500,131005,0.01602564102564097
2022-07-14,156500,165000,156500,163500,231449,0.03154574132492116
2022-07-15,163500,164500,156000,156500,179481,-0.042813455657492394
2022-07-18,158500,159000,150000,154500,191737,-0.012779552715655007
2022-07-19,153000,154000,150500,152500,160410,-0.012944983818770184
2022-07-20,155500,158000,151000,153000,184814,0.003278688524590123
2022-07-21,152500,158500,152000,157000,174637,0.02614379084967311
2022-07-22,158500,170000,157000,167000,521238,0.06369426751592355
2022-07-25,167000,178500,164500,176500,468714,0.05688622754491024
2022-07-26,177000,178000,171000,172000,335739,-0.025495750708215303
2022-07-27,171000,173000,167000,167500,220878,-0.026162790697674465
2022-07-28,169000,173000,164000,169500,336241,0.011940298507462588
2022-07-29,172500,179500,170500,175500,340984,0.03539823008849563
2022-08-01,176000,188000,172500,173500,512705,-0.01139601139601143
2022-08-02,174000,174000,161000,165500,522875,-0.04610951008645536
2022-08-03,166000,173500,164000,170500,330579,0.030211480362537735
2022-08-04,173500,178000,171500,173500,320473,0.017595307917888547
2022-08-05,174000,176000,171000,175000,135121,0.008645533141210304
2022-08-08,175500,179000,174000,177500,153497,0.014285714285714235
2022-08-09,177000,186000,176000,184000,304548,0.036619718309859106
2022-08-10,184500,186000,176000,177000,238348,-0.03804347826086951
2022-08-11,181000,181500,177500,180500,166745,0.019774011299435124
2022-08-12,181500,185000,180000,183000,203145,0.013850415512465464
2022-08-16,184500,190500,183000,187000,278176,0.021857923497267784
2022-08-17,187000,190000,183500,186000,231715,-0.005347593582887722
2022-08-18,183500,189500,180000,188000,234636,0.010752688172043001
2022-08-19,188500,196000,185000,186500,372611,-0.007978723404255317
2022-08-22,183000,187000,181000,184000,169332,-0.013404825737265424
2022-08-23,182000,182500,172000,172500,358340,-0.0625
2022-08-24,173000,176500,169000,176000,197180,0.020289855072463725
2022-08-25,176000,178500,172500,173500,199435,-0.014204545454545414
2022-08-26,174500,177500,172500,175500,152990,0.011527377521613813
2022-08-29,167000,171500,164500,164500,320328,-0.06267806267806264
2022-08-30,165000,170500,165000,170000,184450,0.033434650455927084
2022-08-31,168000,183000,167000,181500,492139,0.0676470588235294
2022-09-01,178500,178500,165500,166500,427882,-0.0826446280991735
2022-09-02,168000,174000,167000,168500,240091,0.012012012012011963
2022-09-05,167000,175000,167000,167500,189623,-0.005934718100890191
2022-09-06,168000,170000,160000,160500,303572,-0.04179104477611939
2022-09-07,158500,161000,155000,158000,240922,-0.015576323987538943
2022-09-08,158000,161000,157500,158000,163232,0.0
2022-09-13,161000,165000,160500,162000,198394,0.025316455696202445
2022-09-14,154500,160000,153500,158500,172820,-0.021604938271604923
2022-09-15,158500,159000,154500,155500,143820,-0.018927444794952675
2022-09-16,155500,158000,153500,154000,121151,-0.009646302250803873
2022-09-19,158000,164000,156500,157500,293981,0.022727272727272707
2022-09-20,158500,161500,157000,157500,118153,0.0
2022-09-21,156500,159500,153500,155500,131771,-0.012698412698412653
2022-09-22,152000,153000,146000,149000,199068,-0.04180064308681675
2022-09-23,147000,149000,143000,144000,145258,-0.03355704697986572
2022-09-26,141000,145500,138500,141000,206341,-0.02083333333333337
2022-09-27,140500,142000,137000,140000,222288,-0.007092198581560294
2022-09-28,138000,139000,129000,130000,323802,-0.0714285714285714
2022-09-29,131500,137000,130500,132000,219709,0.01538461538461533
2022-09-30,130000,136000,129500,135000,173772,0.022727272727272707
2022-10-04,137000,138000,134000,134500,136336,-0.0037037037037036535
2022-10-05,137000,137500,127000,130000,299002,-0.03345724907063197
2022-10-06,129500,133000,129000,131000,152272,0.007692307692307665
2022-10-07,129500,130000,121000,123000,378378,-0.06106870229007633
2022-10-11,119000,120500,114500,118500,326980,-0.03658536585365857
2022-10-12,116500,118500,111000,114500,421362,-0.03375527426160341
2022-10-13,113000,114000,107000,109500,396283,-0.04366812227074235
2022-10-14,111500,119000,111500,118000,457209,0.07762557077625565
2022-10-17,113500,117000,109500,115000,425995,-0.025423728813559365
2022-10-18,116500,124000,115500,120500,560834,0.047826086956521685
2022-10-19,121500,125000,118000,118500,237888,-0.016597510373444035
2022-10-20,118500,119000,111500,113000,310488,-0.04641350210970463
2022-10-21,111000,113000,108500,112500,216920,-0.004424778761061954
2022-10-24,114500,116500,112500,113000,172825,0.004444444444444473
2022-10-25,114500,119000,113500,118000,179569,0.04424778761061954
2022-10-26,118000,119500,115000,115000,120404,-0.025423728813559365
2022-10-27,117000,121000,116500,119000,147272,0.034782608695652195
2022-10-28,119000,123500,118000,119000,159529,0.0
2022-10-31,121500,123000,118500,121000,147619,0.01680672268907557
2022-11-01,121000,124000,120000,122000,141844,0.008264462809917328
2022-11-02,121000,129000,119500,127000,202996,0.040983606557376984
2022-11-03,123500,129000,120500,124500,276169,-0.019685039370078705
2022-11-04,122500,124000,119500,122500,163152,-0.016064257028112428
2022-11-07,121500,125500,121500,123500,74092,0.008163265306122547
2022-11-08,125500,129500,123500,129500,174799,0.04858299595141702
2022-11-09,131000,133000,129500,130500,167942,0.007722007722007707
2022-11-10,126000,130000,126000,126500,161369,-0.03065134099616862
2022-11-11,133500,144000,133000,141000,412850,0.11462450592885376
2022-11-14,139500,141000,135000,135500,186311,-0.03900709219858156
2022-11-15,134500,139000,134500,138000,105371,0.01845018450184499
2022-11-16,140000,142500,138000,140500,163231,0.018115942028985588
2022-11-17,140000,147000,140000,143000,209807,0.017793594306049876
2022-11-18,143000,146000,137000,137000,146362,-0.04195804195804198
2022-11-21,139500,143000,135500,137500,169182,0.0036496350364962904
2022-11-22,136500,138500,131500,132000,109850,-0.040000000000000036
2022-11-23,135000,143500,134500,141000,201975,0.06818181818181812
2022-11-24,142000,144000,139000,143000,134981,0.014184397163120588
2022-11-25,142000,144000,138500,139000,138106,-0.027972027972028024
2022-11-28,139000,140000,135500,138000,113583,-0.007194244604316502
2022-11-29,137000,146000,137000,144000,168762,0.04347826086956519
2022-11-30,143500,144500,140500,143000,125388,-0.00694444444444442
2022-12-01,147000,156000,145500,153500,393983,0.07342657342657333
2022-12-02,153500,154000,150000,151000,152969,-0.016286644951140072
2022-12-05,151500,155500,150500,152000,172743,0.0066225165562914245
2022-12-06,150500,150500,145000,145000,166530,-0.046052631578947345
2022-12-07,144500,149000,143000,145000,113589,0.0
2022-12-08,145500,147500,141500,145000,128477,0.0
2022-12-09,147500,158500,147000,156500,404438,0.07931034482758625
2022-12-12,155000,162500,154000,157000,249465,0.0031948881789136685
2022-12-13,157500,159000,154500,155500,180480,-0.009554140127388533
2022-12-14,156500,164500,156500,163000,262419,0.048231511254019255
2022-12-15,161500,165000,155500,157500,237924,-0.033742331288343586
2022-12-16,153500,166500,153000,164000,319185,0.041269841269841345
2022-12-19,164500,169000,162000,167000,202717,0.018292682926829285
2022-12-20,167000,168500,161000,162500,166667,-0.026946107784431184
2022-12-21,165000,169000,160500,169000,229363,0.040000000000000036
2022-12-22,169500,177000,169000,175000,341749,0.035502958579881616
2022-12-23,173000,179500,172500,175000,283230,0.0
2022-12-26,173500,174500,169000,171500,190601,-0.020000000000000018
2022-12-27,173000,175000,168000,170500,202232,-0.005830903790087438
2022-12-28,170000,171500,166500,170000,174958,-0.0029325513196480912
2022-12-29,168000,175500,168000,173500,194427,0.020588235294117574
2023-01-02,174500,176000,166500,169500,183432,-0.023054755043227626
2023-01-03,170000,182000,170000,176500,522683,0.041297935103244754
2023-01-04,176500,177000,169000,171500,251334,-0.028328611898016942
2023-01-05,172000,177000,171000,172000,173260,0.00291545189504383
2023-01-06,170000,172000,160500,168000,509214,-0.023255813953488413
2023-01-09,170500,176500,170500,173500,204808,0.032738095238095344
2023-01-10,173500,175000,169500,170500,179809,-0.01729106628242072
2023-01-11,172000,176000,167000,174500,200157,0.02346041055718473
2023-01-12,174500,177000,171500,173000,167481,-0.008595988538681931
2023-01-13,174000,177500,173000,174500,145611,0.00867052023121384
2023-01-16,173500,179000,173000,178500,223077,0.022922636103151817
2023-01-17,178500,180500,176000,177000,167937,-0.008403361344537785
2023-01-18,177500,182000,176000,179000,221721,0.011299435028248483
2023-01-19,179500,189000,179500,188000,399272,0.05027932960893855
2023-01-20,187500,191000,186000,187000,181112,-0.005319148936170248
2023-01-25,188000,188500,185000,186400,198658,-0.0032085561497325887
2023-01-26,187000,194200,186200,190400,292592,0.02145922746781115
2023-01-27,192200,194800,189000,194000,190667,0.018907563025210017
2023-01-30,194900,196000,187700,188900,226787,-0.02628865979381445
2023-01-31,186100,193500,185700,191700,249181,0.014822657490735747
2023-02-01,189500,191500,188500,189500,131283,-0.011476264997391739
2023-02-02,189700,192000,187300,187900,191183,-0.008443271767810012
2023-02-03,187900,197200,187100,195600,287588,0.040979244278871674
2023-02-06,195400,195500,188800,188800,206034,-0.03476482617586907
2023-02-07,188800,190600,184300,189500,239570,0.00370762711864403
2023-02-08,189600,200000,189600,197600,420258,0.04274406332453817
2023-02-09,198000,205500,196800,198300,324646,0.003542510121457454
2023-02-10,212500,218500,193800,195300,2102129,-0.015128593040847238
2023-02-13,204000,204500,188800,189000,731578,-0.032258064516129004
2023-02-14,191300,203000,189900,202000,869251,0.06878306878306883
2023-02-15,199900,201500,192500,197200,575230,-0.023762376237623783
2023-02-16,194100,196200,189800,190500,582216,-0.033975659229208977
2023-02-17,189400,189400,179900,182000,564813,-0.044619422572178435
2023-02-20,181000,188100,181000,184500,328567,0.013736263736263687
2023-02-21,183800,184500,180900,182100,172604,-0.013008130081300862
2023-02-22,183900,192900,183800,187700,605997,0.03075233388248222
2023-02-23,192000,192100,187600,187700,229292,0.0
2023-02-24,187600,188200,182700,183200,227726,-0.023974427277570598
2023-02-27,181000,185200,178100,182400,293030,-0.004366812227074246
2023-02-28,184000,190000,183000,185100,350642,0.014802631578947345
2023-03-02,185100,189900,182500,187000,208411,0.010264721772015095
2023-03-03,185200,188900,185200,187400,124515,0.002139037433155133
2023-03-06,194200,195900,189400,191800,354913,0.023479188900747072
2023-03-07,186900,191000,184000,188500,308012,-0.0172054223149114
2023-03-08,188500,189900,175400,177200,475591,-0.05994694960212199
2023-03-09,177800,179500,174800,176500,216070,-0.003950338600451464
2023-03-10,174100,189800,173900,183700,505221,0.04079320113314444
2023-03-13,185600,196600,182600,189600,849993,0.03211758301578671
2023-03-14,187700,189300,173000,173700,431611,-0.08386075949367089
2023-03-15,176400,176400,170300,173500,244634,-0.0011514104778354017
2023-03-16,172000,178000,171000,176500,236020,0.01729106628242083
2023-03-17,176600,183100,176500,179400,201551,0.01643059490084986
2023-03-20,179300,188000,179300,184000,231416,0.02564102564102555
2023-03-21,186500,191300,186100,189600,287767,0.0304347826086957
2023-03-22,189200,191200,188100,190300,126708,0.003691983122362963
2023-03-23,190000,191000,185400,188400,180348,-0.009984235417761389
2023-03-24,187000,190600,184800,187500,159391,-0.004777070063694322
2023-03-27,186400,188600,177900,182100,237102,-0.028800000000000048
2023-03-28,181400,187800,178900,187300,195777,0.02855573860516203
2023-03-29,186000,191300,186000,190100,169791,0.014949279231179835
2023-03-30,189900,192000,187000,188000,129308,-0.01104681746449232
2023-03-31,189000,191300,185300,188900,137451,0.004787234042553212
2023-04-03,188000,189500,183700,184000,141199,-0.025939650608787668
2023-04-04,184900,190900,184500,190300,191538,0.03423913043478266
2023-04-05,190200,191300,188200,190700,114403,0.0021019442984759884
2023-04-06,190300,212500,190300,205000,862698,0.0749868904037756
2023-04-07,206000,219000,200500,217000,493700,0.05853658536585371
2023-04-10,218500,223000,215000,222000,265446,0.02304147465437789
2023-04-11,222500,227000,216000,224500,223899,0.011261261261261257
2023-04-12,223500,237000,222500,235500,321808,0.04899777282850781
2023-04-13,238000,249500,231500,245000,511910,0.04033970276008492
2023-04-14,246000,263000,245500,259000,625603,0.05714285714285716
2023-04-17,265000,270000,254500,260000,347729,0.0038610038610038533
2023-04-18,262000,270000,256500,258500,246929,-0.005769230769230749
2023-04-19,260500,261500,249500,251500,241084,-0.027079303675048405
2023-04-20,250500,267000,242500,257000,436176,0.021868787276341894
2023-04-21,255500,258500,243500,250000,231363,-0.027237354085603127
2023-04-24,250000,262000,247500,259000,270654,0.03600000000000003
2023-04-25,261000,265000,257000,260500,193822,0.005791505791505891
2023-04-26,260000,270000,259500,265000,265975,0.017274472168905985
2023-04-27,265000,269000,259500,264000,175062,-0.0037735849056603765
2023-04-28,264000,277000,263000,270000,248614,0.022727272727272707
2023-05-02,270500,285000,269000,284500,447119,0.05370370370370381
2023-05-03,285500,303000,285000,294500,573639,0.03514938488576447
2023-05-04,295000,298000,284000,292500,258060,-0.006791171477079749
2023-05-08,290000,294500,276000,279000,309476,-0.0461538461538461
2023-05-09,278000,283000,273000,277500,182461,-0.005376344086021501
2023-05-10,277500,282500,271000,279500,171679,0.007207207207207134
2023-05-11,281000,282000,269000,277500,210118,-0.007155635062611854
2023-05-12,280500,287500,277500,282000,243863,0.016216216216216273
2023-05-15,280000,289500,276500,278500,160301,-0.012411347517730542
2023-05-16,279000,288000,276500,284000,297601,0.019748653500897717
2023-05-17,285000,295000,282500,292000,372362,0.028169014084507005
2023-05-18,292500,294000,284500,286000,159742,-0.020547945205479423
2023-05-19,286000,288500,276500,281000,205231,-0.0174825174825175
2023-05-22,281000,281000,261000,269000,483751,-0.042704626334519546
2023-05-23,271000,273500,267500,273000,236713,0.014869888475836479
2023-05-24,278000,278500,263500,267500,309525,-0.020146520146520186
2023-05-25,263000,272000,262500,267000,183552,-0.0018691588785046953
2023-05-26,264500,272000,263000,270000,192873,0.011235955056179803
2023-05-30,270500,278500,265500,276000,198316,0.022222222222222143
2023-05-31,272500,279000,270000,274000,250839,-0.007246376811594235
2023-06-01,274000,283000,272500,277500,273680,0.012773722627737127
2023-06-02,276000,278000,263500,270000,448545,-0.027027027027026973
2023-06-05,270000,271000,264000,265000,165535,-0.01851851851851849
2023-06-07,265000,272000,265000,269000,174858,0.015094339622641506
2023-06-08,267500,271000,265000,268000,151260,-0.0037174721189591198
2023-06-09,270500,286500,269000,280500,430504,0.04664179104477606
2023-06-12,284500,295000,281000,294000,402574,0.048128342245989275
2023-06-13,294500,296500,289000,294000,209505,0.0
2023-06-14,295000,307500,288500,292000,448757,-0.006802721088435382
2023-06-15,296000,302500,295500,300500,329373,0.02910958904109595
2023-06-16,302500,303000,295000,297500,213190,-0.009983361064891838
2023-06-19,298500,306500,295000,300500,221540,0.010084033613445342
2023-06-20,299500,303500,298000,300500,221852,0.0
2023-06-21,300500,303500,294500,296500,233629,-0.01331114808652245
2023-06-22,295000,312500,291000,307000,560667,0.03541315345699836
2023-06-23,307000,308500,297500,301000,246155,-0.019543973941368087
2023-06-26,299000,303500,296000,298000,125709,-0.009966777408637828
2023-06-27,298500,298500,285500,292000,289388,-0.020134228187919434
2023-06-28,294500,294500,284000,285000,166864,-0.023972602739726012
2023-06-29,284000,291000,278000,279500,187764,-0.019298245614035037
2023-06-30,280500,284500,276000,281500,206049,0.007155635062611854
2023-07-03,282500,284500,273000,279500,263649,-0.007104795737122527
2023-07-04,280500,291000,276500,286000,325615,0.023255813953488413
2023-07-05,284500,285000,276000,280500,225458,-0.019230769230769273
2023-07-06,280500,284500,276000,279500,214205,-0.0035650623885917776
2023-07-07,280000,289500,280000,286000,277604,0.023255813953488413
2023-07-10,286000,288000,264000,267000,564140,-0.06643356643356646
2023-07-11,267000,273500,266500,270000,254572,0.011235955056179803
2023-07-12,272000,272500,261500,263000,302058,-0.025925925925925908
2023-07-13,264500,264500,250500,259000,727720,-0.01520912547528519
2023-07-14,261500,263500,254000,256500,285821,-0.009652509652509633
2023-07-17,259500,270500,258500,264500,413339,0.031189083820662766
2023-07-18,268500,270000,263000,264500,221247,0.0
2023-07-19,266500,266500,255000,263500,209078,-0.003780718336483968
2023-07-20,264000,272500,260500,269000,250901,0.020872865275142205
2023-07-21,267500,268000,255000,256500,458757,-0.04646840148698883
2023-07-24,256500,265000,256000,262000,311457,0.021442495126705596
2023-07-25,264000,278500,262000,271000,516976,0.03435114503816794
2023-07-26,274500,274500,257000,257000,403873,-0.05166051660516602
2023-07-27,258000,266500,258000,261500,264353,0.017509727626459082
2023-07-28,259000,264500,254000,258500,183611,-0.01147227533460804
2023-07-31,259500,264000,258000,262500,183430,0.015473887814313247
2023-08-01,261000,261500,250500,254000,379829,-0.0323809523809524
2023-08-02,251500,258500,248000,252000,243418,-0.007874015748031482
2023-08-03,253500,256500,246000,248000,222403,-0.015873015873015928
2023-08-04,249000,272000,249000,272000,634142,0.09677419354838701
2023-08-07,268000,277500,267500,274500,343927,0.009191176470588314
2023-08-08,277500,290500,259000,272000,1056691,-0.00910746812386154
2023-08-09,266000,266500,254000,259500,546016,-0.045955882352941124
2023-08-10,260500,263500,252500,256500,398236,-0.011560693641618491
2023-08-11,256500,257500,251000,255000,211734,-0.005847953216374324
2023-08-14,250000,255000,249000,252000,203072,-0.0117647058823529
2023-08-16,251500,253000,241000,241000,303977,-0.04365079365079361
2023-08-17,240500,243000,233000,239500,262180,-0.006224066390041472
2023-08-18,236500,241500,235500,236500,180055,-0.012526096033402934
2023-08-21,236500,241500,236500,238500,141955,0.008456659619450413
2023-08-22,240000,240500,236000,236000,143326,-0.010482180293501009
2023-08-23,240500,244000,232500,234000,190278,-0.008474576271186418
2023-08-24,232500,236000,231500,232500,159208,-0.0064102564102563875
2023-08-25,229500,238500,229000,237000,144973,0.019354838709677358
2023-08-28,237000,245000,234500,244500,158483,0.03164556962025311
2023-08-29,247000,251500,240000,251000,226439,0.026584867075664542
2023-08-30,252000,253500,245500,245500,172686,-0.021912350597609542
2023-08-31,246000,254500,245500,252500,240370,0.02851323828920571
2023-09-01,252000,255000,249000,249000,167391,-0.013861386138613874
2023-09-04,249000,255000,245000,250500,109059,0.006024096385542244
2023-09-05,251000,252500,248000,251000,84174,0.001996007984031989
2023-09-06,251000,252500,247000,249500,78857,-0.005976095617529875
2023-09-07,247000,252000,243000,245500,130515,-0.01603206412825653
2023-09-08,245500,248000,241000,245500,135475,0.0
2023-09-11,244500,246000,238500,244500,124617,-0.004073319755600768
2023-09-12,245000,253000,242000,247500,164520,0.012269938650306678
2023-09-13,246500,248000,240000,242000,157118,-0.022222222222222254
2023-09-14,244000,247000,240500,246000,143362,0.016528925619834656
2023-09-15,244500,246500,240000,244500,137119,-0.0060975609756097615
2023-09-18,243500,247000,241000,241500,145548,-0.012269938650306789
2023-09-19,240500,245500,239500,245000,116313,0.01449275362318847
2023-09-20,243000,246000,237000,243000,203324,-0.008163265306122436
2023-09-21,243000,243000,230000,230500,362626,-0.05144032921810704
2023-09-22,227000,235000,223000,230500,173553,0.0
2023-09-25,226500,244000,226500,242500,304537,0.05206073752711493
2023-09-26,240000,246000,238500,242500,152583,0.0
2023-09-27,239500,240500,236000,238000,131388,-0.01855670103092788
2023-10-04,236500,237000,221000,222500,268790,-0.06512605042016806
2023-10-05,225500,233000,224000,227000,152422,0.020224719101123556
2023-10-06,227000,235500,227000,229000,118723,0.008810572687224738
2023-10-10,232500,235000,222500,223500,170957,-0.024017467248908297
2023-10-11,227000,231500,226000,228500,189698,0.02237136465324374
2023-10-12,231500,246500,230000,246000,308148,0.07658643326039383
2023-10-13,244000,247500,242000,244500,126861,-0.0060975609756097615
2023-10-16,243000,243000,238000,240000,106675,-0.018404907975460127
2023-10-17,243000,245000,237000,237500,122953,-0.01041666666666663
2023-10-18,236500,240000,233500,234000,86725,-0.01473684210526316
2023-10-19,230000,233500,227000,227500,117136,-0.02777777777777779
2023-10-20,224000,228000,222000,224500,130309,-0.01318681318681314
2023-10-23,224500,234500,224500,229000,141201,0.020044543429844186
2023-10-24,232500,235500,226000,231500,105953,0.01091703056768556
2023-10-25,233000,235500,227000,228500,140886,-0.01295896328293733
2023-10-26,221500,222000,202000,204000,894408,-0.10722100656455147
2023-10-27,210000,218500,209000,212000,312497,0.03921568627450989
2023-10-30,210000,222000,210000,219500,144405,0.03537735849056611
2023-10-31,223500,225500,216000,219500,130896,0.0
2023-11-01,220000,231000,214000,230500,259672,0.05011389521640086
2023-11-02,235000,243000,220500,227500,606694,-0.013015184381778733
2023-11-03,231500,231500,213000,216000,448385,-0.05054945054945059
2023-11-06,222500,227500,217000,227500,351886,0.0532407407407407
2023-11-07,212000,220000,208000,215500,3694893,-0.05274725274725278
2023-11-08,219000,223500,214500,216500,459041,0.004640371229698292
2023-11-09,216000,217000,206500,212000,540242,-0.020785219399538146
2023-11-10,209500,214000,209000,212000,332496,0.0
2023-11-13,214000,217000,202500,202500,404476,-0.04481132075471694
2023-11-14,204500,207500,201500,204500,210013,0.009876543209876631
2023-11-15,209500,211500,206000,211000,291330,0.0317848410757946
2023-11-16,212500,212500,205500,205500,199322,-0.026066350710900466
2023-11-17,205500,207500,188400,190300,855001,-0.07396593673965934
2023-11-20,190400,195500,190300,193400,380926,0.016290068313189687
2023-11-21,193400,201000,193400,199200,287774,0.02998965873836612
2023-11-22,199200,202500,197100,200000,171638,0.004016064257028162
2023-11-23,199000,212000,199000,212000,433361,0.06000000000000005
2023-11-24,210000,212500,207000,210500,162201,-0.007075471698113178
2023-11-27,212500,213000,207000,212000,166300,0.0071258907363420665
2023-11-28,213000,214000,210000,213000,162997,0.004716981132075526
2023-11-29,213000,215500,211500,215000,152859,0.009389671361502261
2023-11-30,213500,215500,207500,215500,323582,0.0023255813953488857
2023-12-01,214500,221000,211000,211500,228602,-0.018561484918793503
2023-12-04,210500,212500,208000,209000,139142,-0.011820330969267157
2023-12-05,208000,216500,207500,213000,209643,0.019138755980861344
2023-12-06,215500,231000,213500,228500,624115,0.07276995305164324
2023-12-07,226000,230500,221500,228500,211541,0.0
2023-12-08,227000,239500,225000,237500,318590,0.03938730853391692
2023-12-11,237500,240000,235000,238000,164080,0.002105263157894832
2023-12-12,236000,238000,229500,234000,189470,-0.01680672268907568
2023-12-13,233500,236000,227000,233500,185773,-0.002136752136752129
2023-12-14,236500,245500,232500,233000,489385,-0.0021413276231263545
2023-12-15,235000,241500,232000,238500,209700,0.023605150214592197
2023-12-18,237500,242000,236500,241500,156864,0.012578616352201255
2023-12-19,242000,248500,238000,239000,193061,-0.010351966873705987
2023-12-20,241000,241000,231000,234500,187141,-0.01882845188284521
2023-12-21,231500,234000,229000,230500,149421,-0.017057569296375252
2023-12-22,232000,235500,229500,230000,123871,-0.002169197396963085
2023-12-26,230500,231000,223500,226500,138055,-0.01521739130434785
2023-12-27,227500,233500,225500,231500,117174,0.02207505518763786
2023-12-28,233500,234500,230000,233500,100687,0.008639308855291628
2024-01-02,233000,245000,232500,241500,234689,0.03426124197002145
2024-01-03,238000,243000,236500,239500,145077,-0.008281573498964856
2024-01-04,238000,244500,237000,240500,162942,0.0041753653444676075
2024-01-05,242500,257000,242500,252000,377790,0.047817047817047875
2024-01-08,251000,255000,248500,251000,169979,-0.003968253968253954
2024-01-09,252500,253500,245500,248000,200102,-0.01195219123505975
2024-01-10,248000,253500,244000,250500,173379,0.010080645161290258
2024-01-11,252500,261000,250500,256000,333502,0.02195608782435121
2024-01-12,257000,260000,244500,247000,196430,-0.03515625
2024-01-15,247000,249500,232500,233500,307330,-0.054655870445344146
2024-01-16,233500,236000,227000,228500,244762,-0.021413276231263434
2024-01-17,230000,232500,219000,223500,274411,-0.021881838074398252
2024-01-18,222000,225500,217500,219500,209769,-0.017897091722595126
2024-01-19,221500,225000,217500,220000,178099,0.002277904328018332
2024-01-22,221500,222000,212500,216000,187377,-0.018181818181818188
2024-01-23,216500,224000,216500,219000,168118,0.01388888888888884
2024-01-24,220000,224000,217000,222000,109494,0.013698630136986356
2024-01-25,221500,222500,209500,216000,265472,-0.027027027027026973
2024-01-26,216000,221500,215000,216500,98877,0.0023148148148148806
2024-01-29,216500,218000,204000,204500,333725,-0.05542725173210161
2024-01-30,207000,208000,203500,204500,132470,0.0
2024-01-31,201500,206000,200000,201500,141866,-0.014669926650366705
2024-02-01,200500,203000,195800,199000,270877,-0.012406947890818865
2024-02-02,201000,209000,200000,205500,261080,0.03266331658291466
2024-02-05,204000,204500,198300,199000,208730,-0.031630170316301665
2024-02-06,199000,201500,196300,196500,169121,-0.012562814070351758
2024-02-07,197400,199600,195500,197400,155965,0.004580152671755711
2024-02-08,197700,202000,197000,200000,182164,0.01317122593718345
2024-02-13,203000,206000,200000,205500,181950,0.02750000000000008
2024-02-14,203000,223000,200500,218500,403422,0.06326034063260333
2024-02-15,220500,223000,215000,219000,163423,0.0022883295194509046
2024-02-16,221000,221500,206500,208500,270500,-0.047945205479452024
2024-02-19,208500,211000,202500,204000,252342,-0.021582733812949617
2024-02-20,203500,206500,199900,204000,151584,0.0
2024-02-21,204500,213500,204500,210000,270699,0.02941176470588225
2024-02-22,212000,221500,210000,217500,348458,0.03571428571428581
2024-02-23,217500,221000,215000,215500,161378,-0.00919540229885063
2024-02-26,217500,219000,212000,217500,143790,0.009280742459396807
2024-02-27,212000,212500,200500,202000,558864,-0.07126436781609191
2024-02-28,202500,205000,200500,202000,165340,0.0
2024-02-29,201000,201500,199000,199100,242405,-0.01435643564356437
2024-03-04,199200,202000,192300,192700,365721,-0.032144650929181284
2024-03-05,192700,193000,188000,188600,359160,-0.021276595744680882
2024-03-06,188600,190600,186500,187500,203755,-0.005832449628844105
2024-03-07,187500,188400,183000,185900,241817,-0.008533333333333282
2024-03-08,187800,198000,187800,194600,421668,0.04679935449166228
2024-03-11,194600,203500,193000,203000,343779,0.043165467625899234
2024-03-12,203500,205000,199800,204500,178941,0.00738916256157629
2024-03-13,204500,205000,200000,201500,126807,-0.014669926650366705
2024-03-14,201000,204000,199500,200000,200653,-0.007444168734491274
2024-03-15,199000,200000,196600,199000,111570,-0.0050000000000000044
2024-03-18,200000,200500,197000,197400,99544,-0.008040201005025116
2024-03-19,197300,197300,191200,192700,190105,-0.023809523809523836
2024-03-20,193400,195900,191300,193300,105360,0.0031136481577582753
2024-03-21,195200,199200,194500,195200,182750,0.009829280910501836
2024-03-22,194000,196600,192000,195800,162868,0.0030737704918033515
2024-03-25,195800,208500,195800,207000,367548,0.05720122574055164
2024-03-26,207000,213000,204000,209500,313066,0.012077294685990392
2024-03-27,212500,228500,211500,224000,880275,0.06921241050119331
2024-03-28,226500,232000,222500,229000,480913,0.022321428571428603
2024-03-29,230500,233000,224000,230000,233449,0.004366812227074135
2024-04-01,233500,236000,223500,226500,249106,-0.01521739130434785
2024-04-02,223500,226000,216000,222500,271762,-0.017660044150110354
2024-04-03,220500,228500,220000,224000,184075,0.006741573033707926
2024-04-04,225000,225500,220500,221000,173764,-0.013392857142857095
2024-04-05,220000,228000,218500,224000,204395,0.013574660633484115
2024-04-08,224500,226500,217000,217000,187961,-0.03125
2024-04-09,218500,224500,216000,216500,109649,-0.0023041474654378336
2024-04-11,213500,217000,207500,216500,206335,0.0
2024-04-12,214500,220000,211500,213000,169941,-0.0161662817551963
2024-04-15,210500,215500,208000,214500,104498,0.007042253521126751
2024-04-16,214500,223000,212000,223000,241597,0.03962703962703973
2024-04-17,220500,225000,219000,219000,168906,-0.017937219730941756
2024-04-18,220000,230500,220000,228500,260678,0.04337899543378998
2024-04-19,227500,232000,221500,230500,234688,0.00875273522975939
2024-04-22,233500,238500,206000,212500,1044009,-0.0780911062906724
2024-04-23,209000,212500,202500,210000,1096822,-0.0117647058823529
2024-04-24,210500,214500,209000,211000,584355,0.004761904761904745
2024-04-25,212500,217000,207000,212000,625138,0.004739336492890933
2024-04-26,206000,207500,199800,201500,1122644,-0.04952830188679247
2024-04-29,201500,206500,201000,205000,502131,0.017369727047146455
2024-04-30,203500,205000,202000,202000,280426,-0.014634146341463428
2024-05-02,202500,205500,200000,200000,385603,-0.00990099009900991
2024-05-03,201500,205500,200000,203500,360938,0.01750000000000007
2024-05-07,204000,204500,201000,204500,270690,0.004914004914004844
2024-05-08,204500,205500,202500,203000,200974,-0.007334963325183352
2024-05-09,202500,203000,199700,199900,300714,-0.015270935960591148
2024-05-10,199800,202500,196500,200500,1348983,0.0030015007503751967
2024-05-13,201000,201000,192000,192800,499201,-0.03840399002493766
2024-05-14,191500,195600,191500,193500,181446,0.0036307053941908585
2024-05-16,194200,197400,192700,194000,261386,0.0025839793281654533
2024-05-17,193500,196600,193200,193900,187827,-0.0005154639175257714
2024-05-20,193800,193900,191000,191200,209543,-0.013924703455389431
2024-05-21,190300,191200,187900,188000,264225,-0.01673640167364021
2024-05-22,187500,189500,186600,186800,210132,-0.006382978723404209
2024-05-23,186500,201500,185700,198100,662370,0.06049250535331896
2024-05-24,198100,203000,196900,200500,361727,0.012115093387178089
2024-05-27,204500,208500,202000,203500,422906,0.014962593516209433
2024-05-28,203000,203500,197100,200000,304764,-0.017199017199017175
2024-05-29,198600,201500,198000,199300,173129,-0.0034999999999999476
2024-05-30,198000,206500,197300,204000,388278,0.02358253888610129
2024-05-31,198600,207000,193000,200000,988802,-0.019607843137254943
2024-06-03,201000,204000,199600,200500,289503,0.0024999999999999467
2024-06-04,201000,202500,198800,200000,225339,-0.0024937655860348684
2024-06-05,200500,201000,198500,198500,214389,-0.007499999999999951
2024-06-07,198500,199800,196500,197000,188602,-0.007556675062972307
2024-06-10,197000,204000,197000,202500,293388,0.027918781725888353
2024-06-11,202500,203500,198000,198000,259363,-0.022222222222222254
2024-06-12,200500,201500,198300,199100,200055,0.005555555555555536
2024-06-13,201000,201000,198500,199700,309593,0.0030135610246107003
2024-06-14,199300,201000,198200,200500,207259,0.0040060090135203286
2024-06-17,201500,203500,199100,202500,204260,0.009975062344139696
2024-06-18,203000,203000,199800,199900,216279,-0.012839506172839465
2024-06-19,200500,201000,199500,200500,160180,0.0030015007503751967
2024-06-20,200500,205000,199900,202500,260509,0.009975062344139696
2024-06-21,202500,202500,200000,200000,125219,-0.012345679012345734
2024-06-24,200500,202000,198100,198100,174289,-0.009499999999999953
2024-06-25,196200,199300,196000,198700,118914,0.003028773346794633
2024-06-26,198300,198800,197300,197900,132736,-0.004026170105686955
2024-06-27,197700,198800,197500,198500,147771,0.003031834259727084
2024-06-28,198500,205000,198500,202500,287559,0.02015113350125941
2024-07-01,204500,204500,199200,200500,146521,-0.00987654320987652
2024-07-02,200000,200000,196700,197200,196568,-0.016458852867830442
2024-07-03,197800,198500,196900,197000,165916,-0.0010141987829614951
2024-07-04,197100,201000,197100,201000,191958,0.020304568527918843
2024-07-05,199700,201000,197100,197400,245901,-0.017910447761193993
2024-07-08,196100,196900,193300,196300,189248,-0.005572441742654477
2024-07-09,196900,196900,194100,194300,188231,-0.010188487009679115
2024-07-10,193100,194100,190200,190500,268683,-0.019557385486361323
2024-07-11,191000,191300,188100,190100,297369,-0.0020997375328084544
2024-07-12,189700,193000,189200,189700,194203,-0.002104155707522315
2024-07-15,190500,191700,188000,188200,153404,-0.007907221929362107
2024-07-16,188300,188300,185900,186300,148849,-0.010095642933049986
2024-07-17,185600,186500,182400,182500,262322,-0.020397208803005884
2024-07-18,182500,185300,180700,185000,153728,0.013698630136986356
2024-07-19,183500,184600,178700,182500,142688,-0.013513513513513487
2024-07-22,182900,183900,178800,179600,125247,-0.01589041095890409
2024-07-23,179700,182800,179600,180200,95784,0.0033407572383072903
2024-07-24,179200,182000,177200,177300,119703,-0.016093229744728044
2024-07-25,176400,176400,170000,170300,260980,-0.03948110547095318
2024-07-26,170300,172900,168100,171700,106209,0.00822078684674099
2024-07-29,171700,176900,171700,174500,104500,0.016307513104251603
2024-07-30,173200,176400,171200,172000,85248,-0.014326647564469885
2024-07-31,172900,176800,171000,176000,101213,0.023255813953488413
2024-08-01,174300,176800,174300,175300,70054,-0.003977272727272774
2024-08-02,174500,184000,174500,180800,359084,0.03137478608100408
2024-08-05,179000,180400,160000,170100,314374,-0.05918141592920356
2024-08-06,170300,176500,167000,171400,288864,0.007642563198118735
2024-08-07,169100,189100,168500,181500,581910,0.058926487747958056
2024-08-08,178800,184900,174100,183800,336637,0.012672176308540006
2024-08-09,183800,183800,171600,172200,371507,-0.06311207834602828
2024-08-12,172300,173500,170000,172100,189214,-0.0005807200929152101
2024-08-13,172100,173700,170600,170900,119427,-0.00697269029633929
2024-08-14,171000,171300,162300,163100,387330,-0.04564072557050902
2024-08-16,164700,168600,163500,166400,189894,0.020232985898221978
2024-08-19,166600,172200,166400,168400,141875,0.012019230769230838
2024-08-20,168400,170700,167200,169000,72264,0.0035629453681709222
2024-08-21,169000,171100,168200,169800,64300,0.004733727810650956
2024-08-22,170300,177400,170200,177400,177988,0.0447585394581862
2024-08-23,176500,177000,174200,176600,77977,-0.00450958286358516
2024-08-26,176700,179300,175400,177300,86393,0.003963759909399789
2024-08-27,178300,178400,175000,176800,81862,-0.0028200789622109257
2024-08-28,183800,186400,179100,182000,393308,0.02941176470588225
2024-08-29,181000,188000,180100,187500,253883,0.030219780219780112
2024-08-30,187500,188400,184400,184400,242584,-0.01653333333333329
2024-09-02,184400,185000,179800,179800,152114,-0.024945770065075923
2024-09-03,178900,181200,178100,180400,104328,0.0033370411568409697
2024-09-04,176500,179000,170600,171200,270458,-0.0509977827050998
2024-09-05,171300,174900,170800,171800,80106,0.003504672897196359
2024-09-06,171300,173300,165500,165600,134534,-0.0360884749708964
2024-09-09,161500,166300,160100,165000,121498,-0.0036231884057971175
2024-09-10,165700,169900,163000,166000,79619,0.0060606060606061
2024-09-11,166500,175900,166500,173900,144121,0.0475903614457831
2024-09-12,169500,171200,163200,169000,324402,-0.028177113283496258
2024-09-13,169000,171200,163600,164000,198333,-0.029585798816568087
2024-09-19,165500,166500,160200,161600,217954,-0.014634146341463428
2024-09-20,162500,163000,159600,160000,213370,-0.00990099009900991
2024-09-23,160900,160900,157700,158000,169540,-0.012499999999999956
2024-09-24,158800,163300,157700,162900,201866,0.031012658227848044
2024-09-25,164200,164700,159600,159700,182649,-0.019643953345610754
2024-09-26,161000,172000,161000,169900,359860,0.06386975579211018
2024-09-27,169900,174000,167500,172900,205833,0.017657445556209517
2024-09-30,173900,175000,168700,168800,97366,-0.023713128976286857
2024-10-02,165500,171600,165500,170100,101129,0.007701421800947905
2024-10-04,169200,174000,169100,173500,103045,0.01998824221046447
2024-10-07,172800,175600,169000,173500,117563,0.0
2024-10-08,172200,179600,172100,178800,207172,0.03054755043227675
2024-10-10,179900,182000,178000,178600,171193,-0.0011185682326622093
2024-10-11,180100,180700,175500,176100,83682,-0.013997760358342659
2024-10-14,176400,185500,175300,184300,170212,0.04656445201590009
2024-10-15,183100,186100,181400,184500,137031,0.0010851871947910041
2024-10-16,182700,182800,178300,179500,135350,-0.027100271002710064
2024-10-17,179500,192800,179200,192100,442042,0.07019498607242336
2024-10-18,190500,194000,187500,188800,149104,-0.017178552837064043
2024-10-21,190600,195000,189900,194300,230091,0.029131355932203284
2024-10-22,193600,196500,192500,196000,204164,0.008749356664951025
2024-10-23,196000,197300,191400,193800,115404,-0.011224489795918391
2024-10-24,193800,195000,191000,193900,84633,0.0005159958720331037
2024-10-25,193000,194800,187900,192700,139134,-0.006188757091284192
2024-10-28,192700,195500,189100,195400,116144,0.014011416709911684
2024-10-29,195300,196500,193700,196500,94994,0.005629477993858822
2024-10-30,196500,197700,191000,192300,107772,-0.021374045801526687
2024-10-31,190900,191900,185100,185500,179988,-0.035361414456578255
2024-11-01,183500,190400,180400,186700,117131,0.006469002695417725
2024-11-04,186600,198900,186000,197300,313787,0.05677557579003745
2024-11-05,195400,204000,195400,202500,431004,0.026355803345159634
2024-11-06,203000,204500,199800,202000,197575,-0.0024691358024691024
2024-11-07,200000,201500,194800,199300,225619,-0.013366336633663378
2024-11-08,200000,200500,197200,198600,114661,-0.00351229302558953
2024-11-11,198700,205000,198500,200000,187695,0.007049345417925457
2024-11-12,199800,199900,194000,194200,170663,-0.029000000000000026
2024-11-13,193000,204000,192800,198600,262756,0.022657054582904124
2024-11-14,198500,202500,193700,198400,275736,-0.001007049345417954
2024-11-15,198400,207000,197500,205000,254872,0.03326612903225801
2024-11-18,206500,211500,204500,211500,261661,0.03170731707317076
2024-11-19,210500,217500,210000,216000,302783,0.02127659574468077
2024-11-20,216000,219500,213500,217500,195564,0.00694444444444442
2024-11-21,217000,217500,208500,214000,204473,-0.016091954022988464
2024-11-22,214000,219000,209500,214000,131800,0.0
2024-11-25,219500,222000,209000,214000,274875,0.0
2024-11-26,211000,213000,207500,211000,171103,-0.014018691588784993
2024-11-27,211000,216000,209000,211500,234977,0.0023696682464455776
2024-11-28,213000,213500,201000,203500,302565,-0.0378250591016549
2024-11-29,190000,198700,189300,195200,724065,-0.040786240786240824
2024-12-02,193100,196700,188000,189800,473421,-0.027663934426229497
2024-12-03,195400,201000,190800,199300,447881,0.05005268703898835
2024-12-04,197000,203500,195500,196800,333186,-0.012543903662819877
2024-12-05,196700,197900,189600,190400,228649,-0.03252032520325199
2024-12-06,189500,191100,184400,189000,214282,-0.007352941176470562
2024-12-09,184000,189200,181100,185300,243780,-0.01957671957671958
2024-12-10,187100,199500,187100,197400,270878,0.06529951430113323
2024-12-11,197400,199800,192900,194200,194664,-0.016210739614994973
2024-12-12,194600,197100,192300,197100,255642,0.014933058702368607
2024-12-13,196100,208000,195600,205500,227419,0.0426179604261796
2024-12-16,207500,208500,203000,205000,96609,-0.0024330900243308973
2024-12-17,204500,209000,201000,202500,131571,-0.012195121951219523
2024-12-18,202000,205500,201000,204000,85500,0.007407407407407307
2024-12-19,199300,207500,198700,204000,148772,0.0
2024-12-20,202500,204000,196000,196700,176518,-0.03578431372549018
2024-12-23,198000,201500,195400,199900,104578,0.01626842907981696
2024-12-24,201000,202000,193400,195500,122941,-0.02201100550275137
2024-12-26,195800,200500,194900,195500,118157,0.0
2024-12-27,195100,195500,190000,191700,152084,-0.019437340153452665
2024-12-30,190300,195500,190000,193400,95293,0.008868022952529975
2025-01-02,194100,198300,190100,196300,144969,0.01499482936918306
2025-01-03,195100,203000,195100,201000,141133,0.023942944472745697
2025-01-06,201000,205500,199600,203500,136852,0.01243781094527363
2025-01-07,204000,208000,203500,204500,121434,0.004914004914004844
2025-01-08,204000,208500,202500,205500,135886,0.004889975550122161
2025-01-09,205000,206500,201500,201500,146258,-0.019464720194647178
2025-01-10,202000,216000,201500,215500,327543,0.0694789081885856
2025-01-13,214500,218500,214000,214000,182397,-0.00696055684454755
2025-01-14,216000,221500,214000,219500,222826,0.025700934579439227
2025-01-15,221000,224500,218000,222000,175778,0.011389521640091216
2025-01-16,224500,225500,221000,222500,137240,0.0022522522522523403
2025-01-17,222000,226500,220500,223500,142659,0.004494382022471877
2025-01-20,224000,225500,219000,220500,126869,-0.01342281879194629
2025-01-21,220500,226000,217000,218000,182290,-0.0113378684807256
2025-01-22,218500,221500,215000,220000,148873,0.00917431192660545
2025-01-23,220500,224000,217000,217000,112256,-0.013636363636363669
2025-01-24,217000,225500,217000,221500,165415,0.02073732718894017
2025-01-31,222500,228500,221500,225000,213053,0.015801354401805856
2025-02-03,221500,228000,221500,226500,154897,0.006666666666666599
2025-02-04,227500,234500,225500,233000,194480,0.028697571743929284
2025-02-05,235500,237500,231500,236000,177305,0.012875536480686733
2025-02-06,237500,242000,233500,237000,182579,0.004237288135593209
2025-02-07,237000,238000,233500,234500,103131,-0.010548523206751037
2025-02-10,240000,245500,236500,238000,235775,0.014925373134328401
2025-02-11,240000,247000,239000,245500,240798,0.03151260504201692
2025-02-12,246500,250500,243000,250000,196507,0.018329938900203624
2025-02-13,250000,254500,245500,247500,194126,-0.010000000000000009
2025-02-14,247500,249500,244500,248000,171668,0.002020202020202033
2025-02-17,248000,248000,238000,240000,208854,-0.032258064516129004
2025-02-18,241500,245500,238500,243000,125070,0.012499999999999956
2025-02-19,245000,245500,240000,245000,138868,0.008230452674897082
2025-02-20,257000,263000,246000,248500,480156,0.014285714285714235
2025-02-21,248500,250500,243500,245500,166249,-0.012072434607645843
2025-02-24,242500,247500,241000,246000,139031,0.0020366598778003286
2025-02-25,246000,254000,245500,251000,188260,0.020325203252032464
2025-02-26,248000,261500,247500,253000,289435,0.007968127490039834
2025-02-27,252500,262500,251000,262500,237104,0.03754940711462451
2025-02-28,258500,263000,253000,257500,295956,-0.01904761904761909
2025-03-04,257000,257500,248000,251000,212321,-0.025242718446601975
2025-03-05,251000,252500,248000,251000,175950,0.0
2025-03-06,252000,253000,244500,250000,173575,-0.003984063745019917
2025-03-07,248500,252500,247000,250000,117062,0.0
2025-03-10,248500,248500,232500,239000,302992,-0.04400000000000004
2025-03-11,231000,242000,231000,237000,167065,-0.008368200836820106
2025-03-12,236000,238000,231000,233000,212297,-0.016877637130801704
2025-03-13,231500,233500,229500,233500,193942,0.0021459227467810482
2025-03-14,231500,234000,225500,232000,195374,-0.0064239828693790635
2025-03-17,231500,241000,229000,238500,187752,0.028017241379310276
2025-03-18,240000,240500,228500,228500,214516,-0.04192872117400415
2025-03-19,228500,236500,228500,234000,152224,0.024070021881838155
2025-03-20,234500,235000,228000,229000,127529,-0.021367521367521403
2025-03-21,225500,239000,224500,232000,246272,0.013100436681222627
2025-03-24,232500,239000,230500,233000,106819,0.004310344827586299
2025-03-25,231500,242000,231000,240000,127121,0.030042918454935563
2025-03-26,243000,244000,238000,242000,99315,0.008333333333333304
2025-03-27,240000,248500,238500,245000,133782,0.012396694214876103
2025-03-28,245000,245000,239000,240500,79329,-0.01836734693877551
2025-03-31,236500,242500,233000,235500,129001,-0.02079002079002079
2025-04-01,236000,238500,231500,235000,159236,-0.002123142250530785
2025-04-02,235500,235500,230000,232500,136574,-0.010638297872340385
2025-04-03,227500,241000,226500,237000,183448,0.019354838709677358
2025-04-04,239500,246500,235000,246000,377791,0.03797468354430378
2025-04-07,239500,241500,231000,231500,193815,-0.058943089430894324
2025-04-08,237000,239000,228500,230500,143665,-0.004319654427645814
2025-04-09,227500,228500,209500,215000,466461,-0.06724511930585686
2025-04-10,222500,229500,215500,229500,271166,0.06744186046511635
2025-04-11,224000,229500,222500,226000,167451,-0.015250544662309351
2025-04-14,226000,226000,219000,223000,238499,-0.013274336283185861
2025-04-15,223000,226500,220000,223000,130089,0.0
2025-04-16,223000,231500,222500,227000,137078,0.017937219730941756
2025-04-17,227500,230500,223000,227000,177374,0.0
2025-04-18,228000,232000,226000,230500,152020,0.01541850220264318
2025-04-21,233000,236000,229000,230000,128404,-0.002169197396963085
2025-04-22,229000,233000,228500,230500,127682,0.0021739130434783593
2025-04-23,232000,232500,228500,230500,112877,0.0
2025-04-24,229500,231500,227000,228000,74368,-0.010845986984815648
2025-04-25,228500,234500,226500,232500,172035,0.019736842105263053
2025-04-28,233500,248500,230000,248500,318665,0.0688172043010753
2025-04-29,250000,253500,243500,253000,288637,0.01810865191146882
2025-04-30,258500,267000,257000,267000,539397,0.05533596837944654
2025-05-02,268500,271000,262500,264500,266554,-0.009363295880149836
2025-05-07,267000,267500,261500,264500,203802,0.0
2025-05-08,265500,271500,262500,265000,239328,0.001890359168241984
2025-05-09,264500,274000,263500,270000,220742,0.018867924528301883
2025-05-12,268000,270000,262000,265500,158328,-0.01666666666666672
2025-05-13,262500,268000,260500,267000,120932,0.005649717514124353
2025-05-14,267500,277000,267500,275000,196783,0.029962546816479474
2025-05-15,274500,277500,272500,273500,84501,-0.00545454545454549
2025-05-16,274000,276000,272000,274500,81185,0.003656307129798808
2025-05-19,274000,277500,268000,270000,110756,-0.016393442622950838
2025-05-20,274000,279000,270500,277500,162553,0.02777777777777768
2025-05-21,279500,283000,275500,279000,148175,0.00540540540540535
2025-05-22,276000,281500,273000,280500,142564,0.005376344086021501
2025-05-23,280500,286500,279000,285500,159621,0.017825311942959
2025-05-26,289000,292000,285000,289500,153727,0.014010507880910739
2025-05-27,288500,291000,282000,286500,153786,-0.010362694300518172
2025-05-28,289500,292500,276500,279000,242432,-0.02617801047120416
2025-05-29,260000,276000,259500,272000,484102,-0.02508960573476704
2025-05-30,268000,276000,260000,266000,334461,-0.022058823529411797
2025-06-02,267000,273500,264500,272000,199983,0.022556390977443552
2025-06-04,279000,285500,274500,281000,231183,0.03308823529411775
2025-06-05,284000,288500,281500,284500,186632,0.01245551601423478
2025-06-09,291500,304500,291000,302000,453290,0.06151142355008776
2025-06-10,308000,310000,300000,309000,329855,0.023178807947019875
2025-06-11,313500,313500,299500,300500,363329,-0.027508090614886682
2025-06-12,299000,304000,297500,302000,268735,0.004991680532445919
2025-06-13,302000,304000,293500,296000,273190,-0.019867549668874163
2025-06-16,296500,301500,296000,299000,179249,0.010135135135135087
2025-06-17,301500,302000,294000,298500,169266,-0.0016722408026755842
2025-06-18,296500,309000,295500,304000,233220,0.018425460636515956
2025-06-19,304000,305000,298000,300000,197511,-0.013157894736842146
2025-06-20,301000,307500,300500,307000,257752,0.023333333333333428
2025-06-23,303500,304000,298500,303000,149208,-0.013029315960912058
2025-06-24,307000,316000,303500,312500,269200,0.031353135313531455
2025-06-25,312000,312500,306000,310500,243590,-0.006399999999999961
2025-06-26,310500,311000,301500,306000,156864,-0.01449275362318836
2025-06-27,306000,306500,297500,305500,172862,-0.0016339869281045694
2025-06-30,305500,312000,302500,309000,192357,0.011456628477905184
